Education,Education_Level,Total_Consumption,MntWines,MntFruits,MntMeatProducts,MntFishProducts,MntSweetProducts,MntGoldProds
Graduation,3,1617,635,88,546,172,88,88
Graduation,3,27,11,1,6,2,1,6
Graduation,3,776,426,49,127,111,21,42
Graduation,3,53,11,4,20,10,3,5
PhD,5,422,173,43,118,46,27,15
Master,4,716,520,42,98,0,42,14
Graduation,3,590,235,65,164,50,49,27
PhD,5,169,76,10,56,3,1,23
PhD,5,46,14,0,24,3,3,2
PhD,5,49,28,0,6,1,1,13
Graduation,3,19,5,5,6,0,2,1
Basic,1,61,6,16,11,11,1,16
Graduation,3,1102,194,61,480,225,112,30
Master,4,310,233,2,53,3,5,14
Graduation,3,46,3,14,17,6,1,5
PhD,5,1315,1006,22,115,59,68,45
Graduation,3,96,53,5,19,2,13,4
Graduation,3,317,84,5,38,150,12,28
Master,4,1782,1012,80,498,0,16,176
2n Cycle,2,133,4,17,19,30,24,39
Graduation,3,316,86,2,73,69,38,48
Graduation,3,1730,1,1,1725,1,1,1
PhD,5,972,867,0,86,0,0,19
PhD,5,544,384,0,102,21,32,5
Graduation,3,444,270,3,27,39,6,99
Graduation,3,75,6,4,25,15,12,13
Graduation,3,257,173,4,30,3,6,41
Graduation,3,637,5,1,3,3,263,362
Graduation,3,131,36,2,42,20,21,10
PhD,5,1672,684,100,801,21,66,0
Master,4,30,8,4,10,2,2,4
Master,4,318,112,17,44,34,22,89
Graduation,3,120,110,0,5,2,0,3
PhD,5,302,96,12,96,33,22,43
Master,4,1196,482,34,471,119,68,22
Master,4,65,40,0,19,2,1,3
PhD,5,913,702,17,151,0,8,35
2n Cycle,2,81,6,3,14,15,7,36
Graduation,3,67,55,0,6,2,0,4
PhD,5,902,437,8,206,160,49,42
Graduation,3,1395,421,76,536,82,178,102
Master,4,53,13,1,29,3,0,7
Graduation,3,22,9,0,6,3,1,3
PhD,5,186,81,11,50,3,2,39
Master,4,31,3,1,10,3,2,12
Graduation,3,984,123,164,266,227,30,174
2n Cycle,2,122,3,18,14,15,22,50
Graduation,3,55,13,6,15,3,5,13
Graduation,3,124,48,5,48,6,10,7
PhD,5,1319,826,50,317,50,38,38
Graduation,3,507,245,19,125,37,67,14
Master,4,1693,650,37,780,27,167,32
Graduation,3,72,12,6,20,30,1,3
Graduation,3,1617,510,120,550,156,40,241
Graduation,3,606,328,9,124,12,24,109
Master,4,1957,984,51,432,180,120,190
Graduation,3,1093,295,35,482,121,120,40
Graduation,3,29,13,0,8,2,1,5
Graduation,3,46,11,3,22,2,2,6
PhD,5,518,447,0,28,0,0,43
Master,4,1438,712,26,538,69,13,80
Graduation,3,612,452,18,102,16,18,6
Graduation,3,884,523,7,134,37,14,169
PhD,5,606,546,0,48,0,6,6
Graduation,3,1076,398,40,367,119,122,30
Graduation,3,34,1,3,6,3,6,15
Graduation,3,11,10,0,1,0,0,0
2n Cycle,2,1274,688,14,309,201,24,38
Graduation,3,653,247,49,159,7,82,109
Graduation,3,1562,856,59,487,58,29,73
Master,4,1253,496,36,460,189,60,12
2n Cycle,2,109,25,3,43,17,4,17
Graduation,3,863,258,107,291,84,37,86
PhD,5,661,565,6,65,0,6,19
Graduation,3,65,14,10,13,4,15,9
Graduation,3,13,2,1,6,2,1,1
Master,4,1890,721,111,925,97,18,18
Graduation,3,2209,1032,105,779,137,105,51
2n Cycle,2,18,1,0,5,0,3,9
Graduation,3,692,577,0,64,0,0,51
Graduation,3,165,64,4,68,7,5,17
Graduation,3,16,4,1,5,2,0,4
2n Cycle,2,79,25,5,19,7,0,23
Master,4,318,112,17,44,34,22,89
Graduation,3,778,163,23,424,27,65,76
Graduation,3,56,17,8,14,10,4,3
Master,4,151,130,0,16,0,0,5
Graduation,3,372,292,6,37,0,3,34
Graduation,3,1366,350,60,568,110,133,145
Graduation,3,194,135,9,39,4,0,7
PhD,5,603,230,42,192,49,37,53
Graduation,3,18,7,0,8,2,0,1
Master,4,985,445,37,359,98,28,18
Master,4,32,15,2,10,0,1,4
PhD,5,43,27,2,14,0,0,0
Graduation,3,45,5,3,11,12,5,9
Graduation,3,606,505,0,26,0,0,75
Graduation,3,63,51,2,7,0,1,2
2n Cycle,2,978,207,26,447,75,0,223
PhD,5,410,135,46,92,65,61,11
2n Cycle,2,72,53,1,5,2,1,10
PhD,5,55,41,1,6,2,0,5
Graduation,3,1169,386,172,183,185,132,111
PhD,5,1120,562,81,276,80,40,81
Graduation,3,1097,217,76,690,50,26,38
Basic,1,29,1,3,6,10,0,9
Graduation,3,187,144,1,32,2,1,7
Graduation,3,910,295,106,271,75,98,65
Graduation,3,145,76,3,31,4,4,27
Master,4,850,454,194,106,31,22,43
Graduation,3,969,425,115,292,23,35,79
PhD,5,1820,1332,17,311,23,51,86
Master,4,608,527,0,21,0,0,60
Graduation,3,730,490,44,125,29,20,22
PhD,5,551,378,0,101,0,0,72
Graduation,3,114,64,1,21,0,1,27
Graduation,3,1724,547,99,812,151,82,33
2n Cycle,2,577,47,90,94,123,103,120
2n Cycle,2,81,12,5,25,0,9,30
Graduation,3,33,1,6,7,11,5,3
Master,4,660,320,48,133,39,72,48
Master,4,80,34,3,29,0,4,10
Master,4,30,9,0,7,3,4,7
Graduation,3,43,17,0,14,7,3,2
Graduation,3,1135,722,27,102,44,72,168
2n Cycle,2,559,162,33,124,40,28,172
Graduation,3,1923,450,133,951,173,0,216
Master,4,90,70,0,16,0,0,4
PhD,5,404,352,0,27,10,0,15
PhD,5,661,492,19,110,16,12,12
Graduation,3,463,120,58,73,65,89,58
Master,4,632,534,5,47,0,5,41
Graduation,3,725,236,106,189,23,41,130
Graduation,3,725,231,65,196,38,71,124
PhD,5,279,220,0,33,3,0,23
PhD,5,1482,796,14,590,38,44,0
Basic,1,29,0,1,3,10,6,9
PhD,5,106,53,1,34,2,0,16
PhD,5,49,15,0,8,4,2,20
PhD,5,38,17,1,12,3,1,4
Master,4,2077,962,61,921,52,61,20
Master,4,1053,738,0,232,13,20,50
Graduation,3,1385,399,28,756,36,40,126
PhD,5,871,614,16,132,43,33,33
Graduation,3,312,32,34,41,73,16,116
Graduation,3,877,598,16,141,32,41,49
Graduation,3,68,2,1,18,20,11,16
Graduation,3,22,6,1,10,0,1,4
2n Cycle,2,211,73,3,90,12,1,32
Master,4,127,42,16,29,12,20,8
Master,4,459,295,21,78,39,13,13
Graduation,3,460,346,17,48,23,13,13
2n Cycle,2,429,233,20,57,8,20,91
Graduation,3,89,5,7,24,19,14,20
PhD,5,1021,888,0,57,0,0,76
Graduation,3,1381,997,26,269,34,13,42
Graduation,3,306,212,6,69,4,12,3
Graduation,3,18,8,1,7,2,0,0
Graduation,3,162,42,11,57,10,28,14
Graduation,3,1231,536,11,387,149,91,57
Master,4,13,5,0,3,0,0,5
PhD,5,1706,1349,16,249,43,16,33
Graduation,3,121,53,3,49,7,4,5
PhD,5,1293,1001,12,240,16,12,12
PhD,5,1608,20,2,1582,1,2,1
Graduation,3,88,18,1,32,6,3,28
Graduation,3,421,125,16,98,134,21,27
Graduation,3,259,212,5,33,7,0,2
Graduation,3,1117,277,162,305,173,76,124
Graduation,3,89,15,10,19,8,17,20
Graduation,3,36,7,3,10,8,1,7
Graduation,3,57,12,4,6,11,8,16
Graduation,3,148,85,7,24,2,3,27
PhD,5,93,81,0,6,0,0,6
Graduation,3,119,59,0,12,0,0,48
PhD,5,1835,1149,71,449,69,71,26
PhD,5,1318,847,66,119,86,89,111
PhD,5,45,29,0,14,0,0,2
Graduation,3,10,2,0,5,2,0,1
2n Cycle,2,978,207,26,447,75,0,223
PhD,5,191,152,3,22,2,5,7
2n Cycle,2,57,12,11,10,3,12,9
Master,4,1033,620,26,195,34,17,141
Master,4,66,47,1,6,0,0,12
Basic,1,43,1,9,7,2,14,10
Graduation,3,50,10,1,18,10,4,7
PhD,5,39,35,0,2,0,0,2
Graduation,3,608,356,0,107,19,9,117
Graduation,3,1581,783,30,537,140,76,15
PhD,5,68,42,1,18,3,0,4
Basic,1,80,1,4,10,29,0,36
PhD,5,1282,466,22,432,147,113,102
2n Cycle,2,65,15,6,8,7,4,25
Graduation,3,91,23,3,21,3,19,22
Graduation,3,315,235,6,45,8,9,12
Graduation,3,31,10,0,10,3,1,7
Master,4,834,656,16,106,32,16,8
Graduation,3,1600,519,17,813,27,173,51
Graduation,3,1270,344,189,482,50,33,172
PhD,5,263,96,1,79,7,1,79
Graduation,3,535,448,4,34,6,4,39
Graduation,3,1295,265,138,553,224,23,92
Graduation,3,1150,587,43,337,42,87,54
PhD,5,1240,763,29,138,76,176,58
PhD,5,38,22,0,13,0,0,3
Master,4,35,6,4,1,7,2,15
Graduation,3,53,7,6,13,7,6,14
Master,4,293,81,18,113,47,13,21
Graduation,3,65,54,0,7,0,0,4
Graduation,3,1804,1170,48,320,42,32,192
Graduation,3,241,72,24,68,65,4,8
Graduation,3,1101,613,22,319,33,102,12
PhD,5,264,224,0,30,0,0,10
Master,4,541,410,0,59,19,9,44
Graduation,3,1198,239,10,554,254,87,54
Graduation,3,482,171,7,171,25,19,89
2n Cycle,2,17,12,0,4,0,0,1
Master,4,1615,1076,16,417,42,48,16
Master,4,285,182,4,33,0,0,66
Graduation,3,1135,824,32,162,42,32,43
2n Cycle,2,114,30,11,25,29,1,18
Graduation,3,1047,377,10,540,80,30,10
PhD,5,714,520,7,154,19,0,14
PhD,5,185,155,1,25,0,1,3
Graduation,3,1245,897,23,207,15,11,92
Graduation,3,189,131,0,16,2,1,39
Graduation,3,576,297,7,79,0,11,182
Graduation,3,1103,787,20,204,0,0,92
PhD,5,1753,792,86,740,67,51,17
PhD,5,17,4,1,9,3,0,0
Graduation,3,433,231,7,137,4,15,39
2n Cycle,2,1588,983,76,184,180,138,27
Graduation,3,22,3,1,8,4,3,3
Graduation,3,19,0,4,5,6,0,4
PhD,5,1117,562,21,464,28,10,32
2n Cycle,2,69,5,9,20,6,8,21
Master,4,23,18,0,4,0,0,1
PhD,5,605,415,5,124,15,35,11
Graduation,3,57,5,3,10,12,7,20
2n Cycle,2,22,8,0,5,7,0,2
Graduation,3,2088,901,61,757,186,163,20
Graduation,3,1009,382,114,276,75,124,38
Graduation,3,26,14,1,7,2,1,1
Graduation,3,1627,559,153,503,218,13,181
Graduation,3,1102,789,0,133,0,28,152
PhD,5,17,11,0,5,0,0,1
Graduation,3,1690,1218,16,272,104,0,80
Graduation,3,1390,925,64,179,133,12,77
PhD,5,2126,864,134,768,150,38,172
Master,4,1531,960,28,183,220,70,70
Master,4,64,16,3,25,6,1,13
Graduation,3,26,3,3,7,0,2,11
Graduation,3,1112,168,148,444,32,172,148
2n Cycle,2,210,45,47,52,21,20,25
Graduation,3,1148,650,28,353,45,42,30
PhD,5,33,24,0,8,0,0,1
PhD,5,1101,918,21,118,13,10,21
Graduation,3,322,138,33,87,28,24,12
Graduation,3,44,12,4,2,10,6,10
PhD,5,17,11,0,4,0,0,2
Graduation,3,31,1,2,8,4,3,13
PhD,5,845,554,41,215,11,0,24
Master,4,275,167,2,62,24,13,7
PhD,5,25,9,0,6,4,1,5
Master,4,275,177,2,71,3,2,20
Master,4,90,38,4,22,4,2,20
Graduation,3,1495,483,84,398,205,84,241
PhD,5,184,77,2,35,0,1,69
Graduation,3,981,182,74,298,162,149,116
Graduation,3,67,10,7,19,8,2,21
Graduation,3,1635,778,44,499,95,73,146
Master,4,60,16,7,23,0,8,6
PhD,5,231,167,0,43,6,2,13
Graduation,3,48,13,2,14,8,7,4
Graduation,3,99,33,6,40,3,7,10
PhD,5,770,625,7,99,10,22,7
Graduation,3,957,216,162,224,101,92,162
Master,4,818,68,129,396,188,22,15
PhD,5,925,196,0,512,33,130,54
Master,4,908,635,15,100,20,7,131
Basic,1,102,4,19,9,28,25,17
Graduation,3,576,297,7,79,0,11,182
Graduation,3,317,84,5,38,150,12,28
PhD,5,461,204,7,149,20,15,66
Master,4,37,26,0,8,0,0,3
Graduation,3,70,15,6,20,4,5,20
Graduation,3,930,304,98,230,150,74,74
Master,4,859,285,28,242,55,114,135
Graduation,3,1478,395,183,565,166,141,28
Master,4,390,248,3,81,4,3,51
2n Cycle,2,52,20,6,5,0,9,12
Graduation,3,137,39,0,56,20,8,14
Graduation,3,1919,777,129,573,216,21,203
Graduation,3,68,8,3,22,21,1,13
Graduation,3,25,9,1,3,0,4,8
Master,4,1374,1241,0,80,0,13,40
2n Cycle,2,32,6,4,7,4,3,8
Master,4,100,65,4,16,0,4,11
Graduation,3,825,395,15,263,60,54,38
PhD,5,916,801,0,80,0,0,35
Graduation,3,62,36,0,12,2,2,10
2n Cycle,2,728,513,14,154,19,0,28
PhD,5,90,37,0,46,4,3,0
Graduation,3,273,80,15,93,20,13,52
Graduation,3,66,14,1,21,2,3,25
Master,4,1213,525,147,112,219,147,63
Graduation,3,107,1,26,25,17,23,15
Graduation,3,1157,675,11,400,15,45,11
Master,4,546,509,0,27,0,0,10
Master,4,241,154,2,46,20,4,15
Graduation,3,53,3,5,14,2,12,17
Graduation,3,37,25,0,8,2,0,2
Graduation,3,1611,861,138,461,60,30,61
Master,4,1508,768,44,561,77,44,14
Graduation,3,235,185,0,28,3,2,17
Master,4,32,24,0,7,0,0,1
Graduation,3,102,44,4,21,6,0,27
Graduation,3,401,91,64,128,65,3,50
Graduation,3,28,11,0,7,3,1,6
Graduation,3,1052,738,20,172,52,50,20
Graduation,3,680,412,5,119,38,29,77
Graduation,3,30,3,3,7,6,2,9
PhD,5,20,16,0,3,0,0,1
PhD,5,1307,731,60,353,78,12,73
Graduation,3,630,424,17,118,7,23,41
Graduation,3,1283,792,0,275,45,45,126
PhD,5,65,21,2,28,3,2,9
Graduation,3,37,22,1,11,0,1,2
PhD,5,38,33,0,5,0,0,0
PhD,5,160,68,7,59,10,5,11
Graduation,3,23,9,1,6,3,0,4
PhD,5,71,40,2,15,8,0,6
PhD,5,1161,909,11,218,0,0,23
Master,4,59,23,1,13,2,2,18
Graduation,3,33,11,2,9,3,0,8
Graduation,3,946,317,46,247,151,46,139
Graduation,3,1442,797,153,293,72,97,30
Graduation,3,62,10,2,16,11,2,21
Graduation,3,1674,856,61,570,40,25,122
PhD,5,1853,755,144,562,104,64,224
Graduation,3,1538,456,19,832,75,118,38
Graduation,3,139,37,32,38,11,3,18
PhD,5,1182,1103,0,45,0,0,34
PhD,5,507,378,14,68,19,14,14
Basic,1,18,1,6,7,0,1,3
Graduation,3,940,204,34,204,172,153,173
Graduation,3,42,30,0,9,0,0,3
Graduation,3,1190,189,104,379,111,189,218
Graduation,3,44,15,0,12,7,3,7
Master,4,16,9,0,3,0,0,4
Graduation,3,835,495,33,255,11,33,8
Graduation,3,1443,656,80,455,52,107,93
PhD,5,1029,452,20,514,13,30,0
Graduation,3,1188,546,91,410,119,0,22
PhD,5,1277,1048,0,217,0,0,12
Graduation,3,49,22,2,14,0,1,10
Graduation,3,99,78,0,11,0,0,10
PhD,5,1670,561,64,785,84,128,48
Master,4,900,629,17,177,69,0,8
PhD,5,425,269,15,69,15,19,38
Graduation,3,2153,736,163,818,212,163,61
PhD,5,636,512,0,83,0,0,41
Graduation,3,57,19,3,10,11,8,6
PhD,5,25,9,0,6,4,1,5
Graduation,3,494,247,8,160,6,8,65
Graduation,3,693,404,0,92,28,27,142
Graduation,3,1348,333,0,815,129,42,29
Graduation,3,51,2,3,20,6,11,9
Graduation,3,1932,833,33,549,151,133,233
PhD,5,990,789,0,142,12,9,38
2n Cycle,2,30,10,4,7,0,6,3
Graduation,3,254,159,4,45,6,2,38
Master,4,29,7,1,6,3,1,11
Graduation,3,1371,977,12,253,16,12,101
PhD,5,73,38,4,22,3,3,3
Master,4,120,57,0,27,0,0,36
Graduation,3,81,3,9,15,13,2,39
Graduation,3,37,10,4,14,4,4,1
PhD,5,1377,1043,24,97,32,24,157
Graduation,3,51,3,9,13,2,12,12
PhD,5,17,11,0,5,0,0,1
Graduation,3,22,3,6,5,0,2,6
Graduation,3,324,43,12,96,78,40,55
2n Cycle,2,211,73,3,90,12,1,32
Master,4,19,12,0,1,0,0,6
Graduation,3,41,4,7,7,6,4,13
Master,4,492,314,11,53,4,3,107
Graduation,3,1005,571,50,142,33,50,159
Graduation,3,114,70,0,11,2,8,23
PhD,5,1173,866,21,151,28,21,86
Graduation,3,1738,594,134,786,33,134,57
Master,4,222,140,4,61,0,13,4
Graduation,3,1127,375,152,335,93,91,81
PhD,5,209,102,9,63,2,9,24
Master,4,787,554,35,113,0,7,78
PhD,5,1598,919,0,505,99,30,45
Graduation,3,186,96,1,42,12,3,32
Graduation,3,47,5,2,16,3,2,19
Graduation,3,27,2,0,6,8,6,5
2n Cycle,2,96,6,4,9,6,36,35
2n Cycle,2,64,23,1,25,0,8,7
Graduation,3,1040,610,105,125,137,42,21
Graduation,3,163,67,5,61,3,8,19
Graduation,3,343,65,36,74,38,20,110
PhD,5,446,416,0,26,0,0,4
Graduation,3,41,23,0,11,3,2,2
PhD,5,70,19,3,26,10,9,3
PhD,5,272,155,7,80,13,7,10
PhD,5,46,14,0,24,3,3,2
Graduation,3,490,370,9,92,6,9,4
2n Cycle,2,79,4,22,11,3,7,32
Graduation,3,915,407,53,221,58,150,26
PhD,5,1485,1200,0,204,38,29,14
Graduation,3,369,85,44,54,102,78,6
Graduation,3,1073,583,34,309,0,22,125
PhD,5,1242,483,0,591,156,0,12
2n Cycle,2,78,2,5,9,28,6,28
Graduation,3,1378,966,26,282,52,26,26
Graduation,3,1474,822,114,108,179,137,114
Master,4,751,604,0,100,19,0,28
PhD,5,48,19,3,19,3,1,3
Graduation,3,45,5,3,11,12,5,9
Master,4,10,2,2,2,2,1,1
Master,4,1435,1076,68,103,29,91,68
PhD,5,2119,1285,42,716,55,0,21
Graduation,3,20,10,0,7,2,0,1
Graduation,3,1795,551,137,792,179,103,33
Graduation,3,1188,800,0,297,0,34,57
2n Cycle,2,43,2,2,11,10,6,12
Graduation,3,1008,378,0,189,97,172,172
PhD,5,1688,1248,16,349,43,16,16
Graduation,3,684,235,0,235,19,4,191
2n Cycle,2,1082,515,47,181,149,95,95
Graduation,3,1068,438,66,400,12,38,114
Graduation,3,57,25,0,22,2,3,5
Master,4,46,31,0,7,2,0,6
Graduation,3,733,357,35,271,28,28,14
Master,4,467,400,4,35,6,0,22
PhD,5,122,99,0,15,2,1,5
2n Cycle,2,36,1,11,5,4,6,9
Graduation,3,34,5,4,13,8,0,4
PhD,5,156,77,28,31,16,0,4
Graduation,3,14,3,1,2,4,3,1
Graduation,3,37,10,4,14,4,4,1
2n Cycle,2,34,0,6,3,7,6,12
Graduation,3,20,0,0,1,2,12,5
Master,4,192,76,14,74,13,5,10
Graduation,3,1379,398,190,537,61,156,37
Graduation,3,48,14,7,11,11,0,5
PhD,5,428,208,7,82,30,66,35
Graduation,3,868,430,16,322,43,24,33
Graduation,3,1001,656,38,161,62,47,37
Master,4,59,14,2,30,8,2,3
2n Cycle,2,431,141,70,106,72,19,23
Graduation,3,971,507,19,364,25,47,9
Graduation,3,348,164,24,103,12,3,42
2n Cycle,2,2059,606,24,974,197,194,64
Master,4,265,116,11,72,3,17,46
Graduation,3,270,143,15,60,24,23,5
2n Cycle,2,1289,398,96,447,220,96,32
Graduation,3,893,522,0,257,32,16,66
Graduation,3,926,161,0,253,199,191,122
PhD,5,135,112,0,6,2,1,14
Graduation,3,1495,483,84,398,205,84,241
Graduation,3,120,7,5,39,17,15,37
PhD,5,1288,789,25,420,16,38,0
PhD,5,1743,1239,17,413,23,34,17
Graduation,3,15,4,1,5,2,0,3
Graduation,3,542,335,42,127,28,5,5
PhD,5,890,639,8,166,11,8,58
Graduation,3,1388,563,76,384,84,192,89
Graduation,3,17,2,0,8,2,2,3
PhD,5,906,746,8,125,11,8,8
Graduation,3,44,22,1,13,4,0,4
Graduation,3,25,4,1,6,4,1,9
Graduation,3,973,478,0,193,110,75,117
PhD,5,31,20,3,4,2,0,2
Master,4,518,451,0,39,0,4,24
PhD,5,530,371,22,39,6,0,92
Graduation,3,506,281,7,84,15,0,119
Master,4,70,19,7,19,0,1,24
Master,4,54,26,3,13,2,10,0
Graduation,3,296,138,15,35,25,11,72
Graduation,3,266,213,2,44,0,2,5
Master,4,747,407,28,100,120,74,18
PhD,5,895,483,74,114,169,37,18
Master,4,1053,738,0,232,13,20,50
Graduation,3,735,502,12,109,16,6,90
Graduation,3,20,11,0,5,2,1,1
2n Cycle,2,205,24,1,108,29,29,14
PhD,5,2092,1170,19,594,99,76,134
Graduation,3,309,185,2,88,15,5,14
Graduation,3,1722,983,20,389,240,50,40
Master,4,900,691,0,69,10,0,130
PhD,5,682,504,13,131,8,0,26
Master,4,663,317,25,265,25,19,12
Graduation,3,43,29,1,9,2,0,2
PhD,5,1816,1396,0,322,46,35,17
PhD,5,976,529,0,356,63,28,0
Graduation,3,746,388,14,218,91,14,21
Graduation,3,64,13,2,21,4,0,24
Master,4,32,28,0,4,0,0,0
Basic,1,263,16,36,21,20,62,108
PhD,5,1445,1047,0,140,67,38,153
Master,4,46,31,0,7,2,0,6
Graduation,3,1210,815,10,239,28,10,108
Graduation,3,945,225,162,387,106,36,29
Graduation,3,1157,493,70,324,146,40,84
Graduation,3,137,34,4,66,3,10,20
Graduation,3,730,382,138,65,60,26,59
PhD,5,216,127,1,56,0,1,31
Graduation,3,943,325,83,300,86,58,91
Graduation,3,347,238,17,68,8,10,6
Master,4,1924,1168,92,408,72,129,55
PhD,5,397,284,0,55,0,6,52
Master,4,2089,1288,20,613,80,61,27
Graduation,3,138,65,0,46,4,3,20
Graduation,3,42,11,7,9,3,1,11
Graduation,3,777,227,23,389,42,21,75
Master,4,1902,1035,134,670,25,38,0
Graduation,3,52,27,1,12,2,0,10
Master,4,1651,982,73,351,56,14,175
Graduation,3,358,179,2,64,38,17,58
Graduation,3,1727,1379,33,216,0,33,66
Graduation,3,210,32,1,64,16,12,85
Graduation,3,42,8,4,15,7,6,2
PhD,5,1291,881,38,319,16,25,12
Master,4,442,141,15,153,67,31,35
Graduation,3,1895,1000,155,379,224,17,120
PhD,5,411,206,10,67,30,27,71
2n Cycle,2,521,162,61,83,97,57,61
Graduation,3,1168,619,54,260,127,54,54
Master,4,493,456,4,24,0,0,9
Graduation,3,260,112,6,92,3,9,38
Graduation,3,46,11,3,22,2,2,6
Master,4,319,172,12,112,8,0,15
Graduation,3,96,78,0,11,0,0,7
Graduation,3,1062,464,151,292,65,60,30
2n Cycle,2,232,99,4,32,37,54,6
Master,4,76,19,3,19,4,5,26
2n Cycle,2,54,1,9,8,11,3,22
Graduation,3,201,63,10,83,7,19,19
PhD,5,406,252,3,42,4,3,102
PhD,5,1919,1478,19,403,0,19,0
Graduation,3,662,198,18,252,32,108,54
2n Cycle,2,41,8,4,10,6,7,6
Graduation,3,1600,416,46,925,60,107,46
Graduation,3,134,42,7,43,20,12,10
Graduation,3,69,14,3,21,2,1,28
Master,4,21,17,0,3,0,0,1
2n Cycle,2,54,15,4,10,3,4,18
Graduation,3,91,6,16,24,11,0,34
PhD,5,526,458,0,24,6,4,34
Graduation,3,162,30,3,47,19,21,42
Master,4,1008,179,28,520,111,123,47
Graduation,3,240,90,17,97,15,6,15
PhD,5,795,308,85,137,102,45,118
Graduation,3,1772,557,129,761,29,185,111
2n Cycle,2,64,7,4,13,15,8,17
Graduation,3,1957,1492,38,287,50,57,33
Graduation,3,78,30,8,12,8,8,12
Graduation,3,1572,249,153,940,58,134,38
Master,4,795,465,25,132,136,0,37
2n Cycle,2,889,129,129,259,168,121,83
PhD,5,331,174,18,81,28,6,24
PhD,5,265,189,2,29,3,2,40
Graduation,3,1065,747,10,161,65,40,42
Master,4,11,6,0,2,2,0,1
Graduation,3,21,14,0,3,0,0,4
Graduation,3,17,12,0,4,0,0,1
Graduation,3,369,98,0,106,49,10,106
PhD,5,38,32,0,5,0,0,1
2n Cycle,2,177,51,12,49,17,24,24
PhD,5,279,200,5,44,0,10,20
Master,4,62,25,6,25,6,0,0
PhD,5,1230,1050,12,144,0,0,24
Graduation,3,182,117,0,22,13,0,30
Graduation,3,49,9,4,17,10,2,7
PhD,5,75,56,0,11,0,0,8
Master,4,227,145,13,46,17,2,4
PhD,5,215,203,0,10,0,0,2
Graduation,3,444,270,3,27,39,6,99
2n Cycle,2,47,9,0,16,6,6,10
Master,4,143,37,12,23,8,11,52
Graduation,3,55,46,0,7,0,0,2
2n Cycle,2,63,31,1,13,7,2,9
Graduation,3,1867,1060,21,530,32,0,224
Master,4,611,264,47,188,54,47,11
Graduation,3,473,399,4,30,6,4,30
Graduation,3,55,8,9,9,2,5,22
PhD,5,81,19,0,35,6,4,17
Master,4,2086,817,183,797,106,163,20
Master,4,1478,292,127,635,132,127,165
Graduation,3,49,12,6,2,11,2,16
PhD,5,382,130,30,168,20,34,0
Master,4,69,6,4,16,3,10,30
Graduation,3,67,16,12,18,7,1,13
Master,4,30,19,0,9,0,0,2
2n Cycle,2,63,4,7,15,13,9,15
Graduation,3,79,31,3,31,2,8,4
Graduation,3,42,36,0,2,0,0,4
Graduation,3,819,526,28,135,10,21,99
Graduation,3,1151,400,32,519,71,75,54
PhD,5,594,410,16,114,0,5,49
Master,4,129,80,3,26,4,2,14
Master,4,213,88,10,46,2,3,64
Graduation,3,67,55,0,6,2,0,4
Graduation,3,28,5,1,13,3,5,1
Basic,1,45,8,4,5,15,2,11
Graduation,3,1193,410,0,592,147,22,22
Master,4,268,101,13,76,20,18,40
Master,4,266,162,25,53,16,0,10
Basic,1,37,2,8,1,4,7,15
Graduation,3,37,25,0,8,2,0,2
PhD,5,882,389,91,248,64,49,41
Graduation,3,373,215,13,87,17,17,24
Master,4,35,27,0,5,0,0,3
PhD,5,107,85,1,16,2,1,2
Graduation,3,42,5,6,10,6,5,10
Master,4,326,179,8,83,19,11,26
PhD,5,404,352,0,27,10,0,15
Graduation,3,95,17,8,12,11,15,32
Graduation,3,939,625,35,169,58,17,35
2n Cycle,2,33,10,6,11,0,4,2
2n Cycle,2,981,390,22,323,104,35,107
Graduation,3,36,10,2,15,2,1,6
Graduation,3,1237,215,63,507,231,31,190
Graduation,3,1825,1001,17,572,93,125,17
PhD,5,103,19,18,33,24,1,8
Graduation,3,191,41,5,129,10,3,3
PhD,5,1586,1181,107,199,39,30,30
PhD,5,963,603,45,207,36,18,54
2n Cycle,2,889,129,129,259,168,121,83
2n Cycle,2,93,10,24,15,13,1,30
Graduation,3,1587,514,22,732,42,198,79
Graduation,3,16,14,0,1,0,0,1
Graduation,3,1375,387,20,713,38,54,163
Graduation,3,393,121,103,69,8,44,48
Master,4,1477,965,69,279,54,41,69
Graduation,3,1179,707,21,250,85,43,73
Graduation,3,1005,571,50,142,33,50,159
PhD,5,1348,586,66,653,17,0,26
PhD,5,1307,1063,89,102,16,12,25
Graduation,3,486,305,3,27,4,3,144
Master,4,2252,1200,105,758,0,42,147
PhD,5,235,163,2,40,8,11,11
Graduation,3,1724,1009,181,104,202,21,207
Master,4,235,125,6,73,8,4,19
Master,4,1092,721,0,152,119,50,50
Graduation,3,599,315,4,62,41,31,146
Master,4,2008,1000,19,711,125,115,38
Graduation,3,48,16,0,17,6,3,6
Graduation,3,1174,757,80,217,29,80,11
PhD,5,67,30,2,25,0,1,9
Graduation,3,365,219,3,100,26,0,17
Graduation,3,6,1,1,1,1,1,1
Graduation,3,165,111,3,28,2,6,15
2n Cycle,2,210,45,47,52,21,20,25
PhD,5,1095,410,112,420,0,82,71
PhD,5,223,100,1,39,6,1,76
Graduation,3,597,509,0,65,7,11,5
Graduation,3,22,3,6,5,0,2,6
Graduation,3,1064,445,53,213,104,98,151
Basic,1,74,2,2,11,41,7,11
Master,4,26,4,1,11,6,2,2
Graduation,3,60,6,1,7,23,4,19
PhD,5,20,14,0,3,0,0,3
Basic,1,59,1,10,11,19,3,15
PhD,5,34,26,0,6,0,0,2
2n Cycle,2,198,111,16,37,7,9,18
PhD,5,1048,418,61,428,80,51,10
Master,4,574,327,9,122,19,14,83
Graduation,3,1029,371,159,194,58,106,141
Graduation,3,670,275,59,107,69,101,59
PhD,5,990,789,0,142,12,9,38
Graduation,3,11,1,1,5,0,3,1
PhD,5,1241,1004,12,145,32,12,36
Graduation,3,576,187,81,149,25,43,91
2n Cycle,2,172,56,4,76,17,1,18
PhD,5,664,365,32,117,34,110,6
Graduation,3,928,595,23,123,10,23,154
Graduation,3,2074,1132,134,384,175,134,115
2n Cycle,2,467,34,11,137,179,61,45
Graduation,3,257,116,6,82,6,6,41
Graduation,3,1146,565,32,435,28,32,54
PhD,5,689,372,18,126,47,48,78
PhD,5,2114,899,102,838,133,102,40
PhD,5,1717,55,16,1622,17,3,4
PhD,5,1346,760,40,480,0,40,26
PhD,5,1044,260,86,559,63,9,67
PhD,5,493,459,0,24,6,0,4
Graduation,3,957,466,0,224,119,49,99
Master,4,270,67,15,80,17,11,80
Basic,1,29,2,0,7,3,7,10
Master,4,121,67,1,20,0,2,31
Master,4,126,92,4,18,3,3,6
Graduation,3,23,4,2,11,2,0,4
PhD,5,57,20,1,28,3,3,2
Graduation,3,636,273,11,178,62,83,29
Graduation,3,1004,434,22,388,104,22,34
Graduation,3,734,321,11,309,33,26,34
Graduation,3,614,212,123,177,15,64,23
Graduation,3,1453,909,12,278,0,12,242
Master,4,1621,1184,32,352,21,16,16
Master,4,187,112,19,21,16,14,5
Graduation,3,1443,656,80,455,52,107,93
PhD,5,57,23,0,8,6,2,18
Graduation,3,637,537,6,42,16,6,30
PhD,5,948,712,0,45,0,0,191
Master,4,59,23,1,13,2,2,18
Graduation,3,18,1,3,4,2,2,6
Master,4,903,664,58,83,32,0,66
Graduation,3,112,6,10,21,19,14,42
Graduation,3,596,299,5,201,21,21,49
Graduation,3,233,99,13,66,43,8,4
PhD,5,1511,749,40,294,121,160,147
2n Cycle,2,1152,345,25,501,63,138,80
Graduation,3,48,9,4,18,7,5,5
Graduation,3,1185,440,81,368,0,122,174
Graduation,3,21,8,2,5,3,0,3
Master,4,965,670,9,249,0,28,9
Graduation,3,869,524,0,134,28,28,155
PhD,5,16,6,0,6,2,1,1
Graduation,3,1947,597,166,597,172,166,249
Graduation,3,71,7,0,12,13,7,32
Graduation,3,65,54,0,7,0,0,4
Graduation,3,1380,445,25,706,80,76,48
Master,4,1027,294,142,218,164,58,151
Master,4,411,292,3,77,10,3,26
Graduation,3,836,412,22,132,59,28,183
PhD,5,11,8,0,3,0,0,0
PhD,5,480,349,4,78,6,0,43
Graduation,3,606,328,9,124,12,24,109
PhD,5,284,144,2,99,7,2,30
Graduation,3,1472,1126,28,211,37,28,42
Graduation,3,1677,967,0,617,43,50,0
Graduation,3,1335,432,79,341,177,136,170
Master,4,334,138,39,63,55,18,21
Basic,1,18,0,0,1,7,4,6
Graduation,3,1338,509,133,497,78,24,97
PhD,5,1099,948,10,86,13,21,21
Master,4,97,39,2,25,4,3,24
PhD,5,63,28,1,21,3,0,10
2n Cycle,2,109,13,11,24,13,8,40
Graduation,3,902,307,26,360,138,31,40
Graduation,3,1574,901,31,345,75,31,191
2n Cycle,2,38,2,5,12,4,8,7
Graduation,3,960,283,17,372,138,106,44
Graduation,3,28,4,3,7,0,3,11
2n Cycle,2,1215,769,80,252,15,34,65
PhD,5,1497,518,42,742,55,56,84
PhD,5,449,350,8,66,17,4,4
Graduation,3,1064,445,53,213,104,98,151
Graduation,3,1757,778,178,689,41,27,44
Graduation,3,1440,709,93,374,104,80,80
2n Cycle,2,1006,359,35,314,93,116,89
PhD,5,1226,799,12,375,16,12,12
Graduation,3,1171,895,10,101,13,0,152
Master,4,92,40,2,23,0,4,23
PhD,5,99,76,0,7,0,0,16
2n Cycle,2,66,11,5,22,12,5,11
Graduation,3,564,245,16,223,21,43,16
Master,4,1427,647,107,391,175,67,40
PhD,5,86,39,1,9,2,1,34
Graduation,3,833,203,35,305,46,17,227
Graduation,3,242,138,3,38,4,0,59
Graduation,3,1869,587,51,898,247,0,86
Graduation,3,1364,595,97,291,127,133,121
2n Cycle,2,183,43,12,23,29,15,61
Master,4,450,301,7,74,10,0,58
Graduation,3,758,180,32,348,76,32,90
PhD,5,1507,794,115,243,150,0,205
Graduation,3,654,392,5,91,28,26,112
Graduation,3,81,39,1,22,3,4,12
PhD,5,137,107,2,12,2,2,12
Graduation,3,16,13,0,3,0,0,0
PhD,5,93,70,0,17,0,0,6
PhD,5,1158,680,11,392,75,0,0
Master,4,43,26,1,11,0,1,4
Graduation,3,1525,522,0,522,227,120,134
PhD,5,1230,412,12,546,78,182,0
Graduation,3,29,6,5,5,8,0,5
Graduation,3,25,2,3,6,4,1,9
Graduation,3,24,1,3,8,2,5,5
Graduation,3,38,6,2,15,6,6,3
Basic,1,57,4,12,5,3,16,17
Master,4,47,18,2,19,0,2,6
PhD,5,813,324,48,186,39,18,198
Master,4,629,327,9,125,25,4,139
Graduation,3,377,229,27,71,13,3,34
Master,4,1612,521,168,706,80,76,61
PhD,5,729,184,23,446,30,23,23
Graduation,3,50,4,8,11,12,2,13
Graduation,3,270,183,2,64,7,2,12
Graduation,3,177,31,19,35,26,14,52
Master,4,315,219,3,60,12,9,12
PhD,5,767,479,28,136,75,14,35
2n Cycle,2,1071,584,44,212,46,8,177
Graduation,3,1580,627,91,597,159,91,15
Graduation,3,60,24,1,16,12,2,5
Master,4,573,330,5,159,36,27,16
Graduation,3,41,19,1,10,2,1,8
Graduation,3,170,28,23,29,29,14,47
PhD,5,1167,606,148,228,15,148,22
Graduation,3,1526,1039,43,204,153,58,29
Master,4,458,411,0,26,0,0,21
Master,4,63,34,1,19,2,7,0
Graduation,3,405,161,28,136,32,3,45
Graduation,3,1027,623,53,178,23,17,133
Graduation,3,1478,604,26,470,123,161,94
Graduation,3,72,3,10,8,3,16,32
Graduation,3,48,12,2,17,6,1,10
Graduation,3,726,184,174,256,50,30,32
Master,4,860,393,0,239,90,69,69
PhD,5,1497,410,73,747,76,161,30
PhD,5,495,376,9,83,19,4,4
Graduation,3,20,7,2,4,2,1,4
Graduation,3,570,68,0,226,51,157,68
Graduation,3,769,642,14,49,0,7,57
2n Cycle,2,55,8,7,9,13,6,12
PhD,5,1808,840,53,804,23,71,17
Graduation,3,55,7,10,13,3,11,11
Graduation,3,577,464,5,64,7,0,37
Graduation,3,162,30,3,47,19,21,42
Graduation,3,1957,1492,38,287,50,57,33
2n Cycle,2,1576,752,122,476,39,153,34
Graduation,3,1616,1279,15,287,20,0,15
Graduation,3,36,22,1,8,2,1,2
PhD,5,1482,860,28,409,73,56,56
Graduation,3,22,3,0,5,13,0,1
PhD,5,63,10,5,28,11,1,8
Graduation,3,680,351,16,156,7,5,145
PhD,5,542,421,5,90,0,16,10
2n Cycle,2,50,2,5,7,0,18,18
Graduation,3,39,25,1,9,2,1,1
Graduation,3,1043,336,123,274,46,123,141
Master,4,385,191,9,97,0,6,82
Graduation,3,1633,563,50,774,28,31,187
2n Cycle,2,46,31,0,6,0,1,8
Graduation,3,761,479,5,82,7,17,171
Graduation,3,76,18,6,15,12,8,17
Graduation,3,290,91,65,52,10,44,28
Graduation,3,89,5,7,24,19,14,20
Graduation,3,70,2,14,28,16,3,7
2n Cycle,2,1066,362,50,431,134,35,54
Graduation,3,2009,724,74,929,97,55,130
2n Cycle,2,1345,605,91,399,0,45,205
Master,4,764,547,7,140,0,7,63
Graduation,3,195,104,1,54,13,9,14
Graduation,3,53,8,2,15,0,10,18
Graduation,3,368,224,2,25,7,0,110
PhD,5,544,384,0,102,21,32,5
2n Cycle,2,1853,556,54,845,202,133,63
PhD,5,35,24,0,2,0,0,9
PhD,5,446,408,0,21,0,0,17
Graduation,3,1180,265,199,303,234,9,170
Master,4,41,34,0,7,0,0,0
Graduation,3,727,374,64,116,84,25,64
Graduation,3,40,27,2,10,0,0,1
2n Cycle,2,1062,600,20,350,29,30,33
Graduation,3,40,13,2,18,6,1,0
Master,4,292,167,2,89,0,0,34
Graduation,3,15,0,2,3,4,1,5
2n Cycle,2,341,46,35,69,84,41,66
2n Cycle,2,369,88,39,78,58,13,93
PhD,5,401,243,11,119,10,3,15
Master,4,393,275,11,68,25,7,7
Master,4,10,6,0,4,0,0,0
Graduation,3,486,121,62,90,68,20,125
Graduation,3,69,4,12,15,19,7,12
PhD,5,1727,1308,0,396,23,0,0
Graduation,3,995,515,47,267,62,66,38
Graduation,3,45,4,0,16,17,4,4
2n Cycle,2,182,48,13,57,24,15,25
Master,4,989,562,58,168,43,16,142
Graduation,3,1677,769,22,500,210,143,33
Master,4,595,379,4,93,12,9,98
Graduation,3,156,29,12,59,19,1,36
Master,4,1226,387,68,569,89,45,68
2n Cycle,2,128,12,23,38,30,18,7
Graduation,3,86,6,10,12,3,15,40
Graduation,3,68,27,1,14,4,1,21
Graduation,3,16,9,1,5,0,0,1
2n Cycle,2,55,22,0,19,6,5,3
PhD,5,2114,899,102,838,133,102,40
PhD,5,2018,889,55,685,168,92,129
PhD,5,263,189,2,55,0,5,12
Graduation,3,55,48,0,2,0,0,5
Graduation,3,564,230,14,156,82,24,58
Master,4,1281,852,60,207,78,36,48
Graduation,3,83,35,3,20,4,1,20
Master,4,353,205,20,47,23,2,56
Graduation,3,1003,255,31,446,40,56,175
Basic,1,14,0,0,1,8,3,2
PhD,5,902,437,8,206,160,49,42
PhD,5,1139,825,8,53,11,0,242
Graduation,3,797,316,58,161,76,51,135
Graduation,3,1638,756,138,354,160,169,61
PhD,5,401,194,55,134,15,0,3
Graduation,3,84,7,17,18,6,10,26
Graduation,3,928,183,33,493,59,103,57
Graduation,3,203,171,0,11,0,1,20
Graduation,3,858,243,101,405,29,40,40
Graduation,3,409,181,21,69,39,3,96
Graduation,3,282,151,7,89,0,7,28
Graduation,3,1423,494,92,391,194,11,241
Graduation,3,1449,464,28,873,29,18,37
Graduation,3,28,5,1,5,10,0,7
Graduation,3,67,29,0,29,0,5,4
PhD,5,199,102,9,49,24,3,12
PhD,5,1453,604,28,674,91,28,28
Graduation,3,1253,571,12,523,63,60,24
PhD,5,1198,953,0,71,0,0,174
Master,4,178,63,3,67,8,9,28
Graduation,3,1990,770,29,890,250,27,24
Graduation,3,976,398,61,265,138,61,53
Master,4,1001,741,19,154,50,9,28
PhD,5,1919,1478,19,403,0,19,0
2n Cycle,2,350,156,29,56,30,32,47
PhD,5,1650,960,64,464,146,0,16
PhD,5,46,38,0,2,0,0,6
Graduation,3,1228,315,26,473,220,12,182
Master,4,95,15,20,25,2,7,26
PhD,5,62,19,6,20,0,5,12
Graduation,3,1761,812,99,431,237,149,33
Master,4,467,73,28,217,10,24,115
Graduation,3,1149,372,23,384,250,12,108
2n Cycle,2,2052,871,111,704,145,55,166
Graduation,3,1127,375,152,335,93,91,81
PhD,5,1416,760,80,466,17,13,80
PhD,5,1113,471,0,510,99,21,12
Graduation,3,125,31,9,27,16,9,33
PhD,5,966,819,0,72,12,0,63
Basic,1,32,1,4,3,8,9,7
Graduation,3,833,203,35,305,46,17,227
PhD,5,46,26,0,15,2,1,2
Graduation,3,960,354,21,311,167,75,32
PhD,5,1829,1253,0,447,23,71,35
Graduation,3,779,371,17,238,23,24,106
PhD,5,811,588,7,76,110,15,15
2n Cycle,2,1120,480,86,249,75,86,144
PhD,5,725,517,12,54,16,6,120
Graduation,3,1187,267,98,606,48,70,98
Graduation,3,2302,1111,24,790,160,45,172
Basic,1,66,7,7,14,7,16,15
PhD,5,1250,1166,0,48,0,0,36
2n Cycle,2,683,261,42,144,55,48,133
Graduation,3,305,135,25,51,23,25,46
Graduation,3,50,6,2,18,2,8,14
2n Cycle,2,995,711,28,142,49,18,47
PhD,5,41,11,0,13,2,4,11
PhD,5,77,42,0,17,0,0,18
Master,4,171,79,7,58,6,3,18
PhD,5,131,20,6,43,19,5,38
Master,4,54,30,0,8,2,0,14
PhD,5,53,20,2,23,3,1,4
Graduation,3,475,115,27,44,4,146,139
Graduation,3,694,263,5,233,69,41,83
Graduation,3,96,69,2,15,2,2,6
PhD,5,361,267,3,30,4,0,57
Graduation,3,1079,561,85,171,25,123,114
PhD,5,578,492,0,37,7,0,42
Master,4,64,14,7,9,6,16,12
PhD,5,149,80,4,46,0,17,2
Graduation,3,231,97,12,84,13,10,15
Graduation,3,728,197,107,227,7,59,131
Graduation,3,1778,693,21,925,31,24,84
Graduation,3,93,43,2,27,0,9,12
PhD,5,23,14,0,2,0,0,7
Graduation,3,662,186,36,234,86,72,48
Graduation,3,1198,434,137,400,45,137,45
PhD,5,81,59,0,11,4,2,5
2n Cycle,2,92,16,5,30,8,7,26
2n Cycle,2,491,230,35,75,63,57,31
Master,4,1564,829,138,430,60,92,15
Graduation,3,926,318,8,407,150,35,8
Master,4,1910,1206,55,445,168,18,18
Master,4,411,292,3,77,10,3,26
Graduation,3,94,30,9,12,2,11,30
Graduation,3,1085,729,17,133,11,0,195
2n Cycle,2,23,12,1,3,0,0,7
Graduation,3,6,2,1,1,1,0,1
Master,4,54,22,3,18,0,0,11
Graduation,3,1150,587,43,337,42,87,54
Graduation,3,1415,674,168,108,192,42,231
PhD,5,405,284,3,84,4,7,23
PhD,5,1908,1023,93,651,49,55,37
Graduation,3,2486,1394,22,708,89,91,182
2n Cycle,2,1315,311,26,640,180,37,121
PhD,5,45,27,0,12,0,1,5
Graduation,3,1789,1296,17,311,45,69,51
2n Cycle,2,19,3,6,7,0,0,3
Master,4,573,393,5,136,7,5,27
Graduation,3,805,218,63,282,137,35,70
Graduation,3,108,66,0,16,0,6,20
Graduation,3,23,4,2,11,2,0,4
Graduation,3,1493,795,0,545,95,58,0
Graduation,3,89,15,10,19,8,17,20
Graduation,3,936,384,25,292,130,41,64
Graduation,3,343,244,8,32,7,2,50
PhD,5,528,158,19,288,25,0,38
PhD,5,1901,1285,21,449,106,20,20
2n Cycle,2,724,349,16,144,28,5,182
Graduation,3,58,4,12,11,3,13,15
PhD,5,297,223,2,31,0,2,39
Graduation,3,488,157,43,127,68,56,37
Master,4,859,397,46,288,20,38,70
Graduation,3,1574,901,31,345,75,31,191
Graduation,3,69,14,3,21,2,1,28
PhD,5,17,10,0,3,0,0,4
Graduation,3,2194,1230,0,396,232,178,158
PhD,5,116,81,1,31,2,1,0
Graduation,3,279,154,20,66,0,12,27
Master,4,103,63,0,21,7,0,12
Master,4,44,30,0,11,0,0,3
Master,4,406,90,67,165,30,43,11
2n Cycle,2,1363,635,114,254,132,152,76
Graduation,3,236,127,4,73,15,6,11
Graduation,3,39,13,3,6,6,5,6
Graduation,3,137,18,42,24,15,20,18
Graduation,3,79,45,2,26,4,1,1
PhD,5,63,38,1,24,0,0,0
PhD,5,1314,986,36,168,16,0,108
Master,4,71,61,0,3,0,0,7
Graduation,3,58,4,9,16,17,0,12
PhD,5,702,201,53,172,116,77,83
Graduation,3,94,19,8,29,0,12,26
Basic,1,80,4,8,11,19,12,26
PhD,5,22,18,0,2,0,0,2
2n Cycle,2,1211,806,80,161,120,11,33
Graduation,3,1461,380,98,733,110,112,28
Graduation,3,1968,576,172,961,125,115,19
Graduation,3,1091,458,81,356,106,50,40
2n Cycle,2,55,5,10,13,3,8,16
Graduation,3,1366,350,60,568,110,133,145
Graduation,3,313,39,33,130,41,26,44
PhD,5,62,26,1,16,2,2,15
Master,4,92,68,0,16,0,0,8
PhD,5,72,45,3,9,4,4,7
Graduation,3,655,359,0,134,13,26,123
Graduation,3,704,403,24,29,6,24,218
Graduation,3,54,34,1,14,0,0,5
Graduation,3,178,73,18,66,7,12,2
Graduation,3,1033,292,30,415,63,33,200
Graduation,3,36,14,0,16,0,0,6
Master,4,122,80,1,37,0,1,3
Master,4,122,30,11,33,13,6,29
PhD,5,1123,463,96,333,168,53,10
Graduation,3,497,75,12,141,43,39,187
Graduation,3,691,538,13,91,17,6,26
2n Cycle,2,1363,635,114,254,132,152,76
PhD,5,12,8,0,3,0,0,1
PhD,5,2440,1315,22,780,145,0,178
2n Cycle,2,56,4,2,12,7,5,26
Master,4,37,12,0,13,2,0,10
Graduation,3,968,347,44,534,17,0,26
Graduation,3,270,192,5,53,0,5,15
PhD,5,278,241,0,12,0,0,25
Graduation,3,1250,631,28,491,30,14,56
Graduation,3,938,336,28,282,184,54,54
Master,4,1178,1099,0,45,0,0,34
Graduation,3,1155,743,19,181,12,0,200
PhD,5,653,124,83,267,85,59,35
PhD,5,49,15,0,8,4,2,20
PhD,5,506,397,19,69,12,0,9
Graduation,3,38,10,4,4,3,3,14
Graduation,3,1650,530,117,678,134,44,147
2n Cycle,2,1826,1215,33,249,64,116,149
Graduation,3,18,3,2,7,0,4,2
Graduation,3,906,444,44,382,11,8,17
PhD,5,46,26,0,15,2,1,2
Graduation,3,1477,736,114,279,82,76,190
Graduation,3,766,473,21,176,19,21,56
Graduation,3,47,32,0,5,2,0,8
Graduation,3,467,288,10,30,4,10,125
Graduation,3,2116,1050,178,555,77,138,118
PhD,5,1298,1001,44,107,58,44,44
2n Cycle,2,22,9,1,7,0,3,2
Master,4,396,234,14,77,19,10,42
PhD,5,20,7,2,6,2,0,3
Graduation,3,967,251,108,334,65,92,117
Graduation,3,357,172,10,125,21,13,16
Graduation,3,1401,565,42,548,64,83,99
Graduation,3,15,5,0,8,2,0,0
Master,4,2087,918,57,842,99,38,133
Graduation,3,981,652,8,158,21,0,142
Graduation,3,17,4,1,7,2,1,2
PhD,5,523,152,27,103,106,54,81
Graduation,3,23,8,0,9,2,1,3
PhD,5,1192,336,130,411,240,32,43
PhD,5,1958,938,19,843,25,95,38
PhD,5,133,68,8,18,19,8,12
Graduation,3,777,227,23,389,42,21,75
PhD,5,73,38,4,22,3,3,3
PhD,5,121,105,0,9,2,1,4
Graduation,3,424,162,50,100,55,30,27
Graduation,3,868,574,8,216,21,16,33
2n Cycle,2,756,160,80,369,67,39,41
Master,4,12,6,0,5,0,0,1
Graduation,3,937,614,35,160,58,35,35
Graduation,3,1862,897,161,430,186,161,27
2n Cycle,2,367,70,54,109,80,9,45
Graduation,3,443,120,19,206,25,19,54
Graduation,3,267,211,2,30,7,7,10
Graduation,3,61,11,0,16,7,6,21
PhD,5,1323,760,53,400,17,93,0
PhD,5,63,53,0,8,0,0,2
2n Cycle,2,64,7,4,13,15,8,17
2n Cycle,2,562,391,32,70,21,32,16
Graduation,3,312,199,9,57,20,21,6
Graduation,3,1156,516,56,449,86,33,16
2n Cycle,2,1104,709,45,115,30,160,45
PhD,5,16,12,0,4,0,0,0
Master,4,2008,1000,19,711,125,115,38
PhD,5,44,19,3,18,3,1,0
Graduation,3,1574,1224,28,140,0,14,168
PhD,5,63,16,2,18,3,0,24
Master,4,426,88,39,54,64,28,153
Basic,1,96,2,23,11,8,6,46
2n Cycle,2,635,508,11,59,23,5,29
Graduation,3,757,381,28,215,84,28,21
PhD,5,125,74,0,42,2,1,6
Master,4,332,146,0,93,7,13,73
Graduation,3,135,23,17,23,43,20,9
Graduation,3,330,110,5,137,26,23,29
Graduation,3,384,165,3,147,4,24,41
Graduation,3,1722,957,47,494,82,47,95
Graduation,3,78,41,0,17,3,1,16
Basic,1,24,1,3,4,2,3,11
2n Cycle,2,1168,176,29,818,0,33,112
Master,4,957,815,8,53,11,0,70
Graduation,3,15,6,1,2,2,0,4
Graduation,3,57,8,4,20,6,3,16
Graduation,3,1956,717,42,864,219,30,84
Graduation,3,2013,1067,138,750,0,19,39
2n Cycle,2,326,166,5,107,11,8,29
PhD,5,77,29,4,34,2,4,4
PhD,5,1313,714,76,395,116,0,12
Master,4,30,8,4,10,2,2,4
Graduation,3,315,229,5,56,3,2,20
Master,4,660,320,48,133,39,72,48
Graduation,3,74,23,0,26,7,15,3
2n Cycle,2,46,1,5,8,4,8,20
PhD,5,86,56,0,12,0,0,18
Graduation,3,1103,508,124,249,50,38,134
Master,4,61,29,0,25,2,2,3
Graduation,3,145,46,7,59,2,4,27
Graduation,3,684,454,0,171,8,19,32
PhD,5,411,350,3,39,0,0,19
Graduation,3,27,10,0,8,0,0,9
PhD,5,1060,735,40,183,52,20,30
Graduation,3,1459,897,126,196,91,112,37
Graduation,3,18,5,2,3,3,0,5
Graduation,3,1833,777,35,731,39,137,114
Master,4,237,162,6,37,6,13,13
PhD,5,48,35,0,11,0,0,2
Graduation,3,515,342,9,112,19,14,19
Graduation,3,1020,258,105,239,237,172,9
Graduation,3,1370,658,80,483,123,13,13
Graduation,3,1026,356,80,329,138,17,106
Graduation,3,301,213,5,28,7,7,41
Graduation,3,684,454,0,171,8,19,32
Graduation,3,499,457,4,29,0,0,9
Graduation,3,1004,241,45,604,34,26,54
PhD,5,218,210,0,6,0,0,2
Graduation,3,606,441,35,83,7,29,11
2n Cycle,2,75,19,13,18,10,7,8
Graduation,3,106,28,9,37,12,7,13
Graduation,3,990,476,75,162,29,151,97
Graduation,3,1097,364,40,425,158,60,50
Basic,1,16,0,0,2,3,3,8
2n Cycle,2,34,0,6,3,7,6,12
PhD,5,1711,863,83,547,86,99,33
Master,4,438,349,7,35,0,0,47
Basic,1,75,5,23,15,0,18,14
Master,4,225,184,2,19,8,8,4
Master,4,18,8,0,8,0,0,2
Graduation,3,470,277,21,64,62,21,25
Graduation,3,91,44,5,19,0,4,19
Master,4,2525,1156,120,915,94,144,96
Graduation,3,504,373,14,83,6,9,19
Graduation,3,235,134,8,76,6,0,11
PhD,5,1232,1148,0,60,0,0,24
Basic,1,88,6,12,3,21,6,40
Graduation,3,17,4,1,11,0,0,1
Graduation,3,24,5,4,8,2,0,5
Graduation,3,60,24,2,20,2,2,10
PhD,5,1020,899,0,101,0,0,20
PhD,5,155,108,1,28,13,1,4
2n Cycle,2,51,27,2,7,0,2,13
Master,4,1812,816,66,549,216,66,99
Master,4,1461,1298,0,70,37,14,42
Graduation,3,96,10,0,11,17,29,29
Graduation,3,160,87,13,34,10,6,10
Master,4,139,57,2,51,4,2,23
Master,4,908,635,15,100,20,7,131
2n Cycle,2,183,43,12,23,29,15,61
Master,4,1161,964,34,137,15,0,11
PhD,5,988,572,8,259,34,35,80
2n Cycle,2,1072,341,142,113,259,151,66
Graduation,3,174,63,6,57,13,13,22
Graduation,3,758,221,104,169,102,78,84
Master,4,195,140,3,29,4,5,14
Graduation,3,31,1,2,8,4,3,13
Master,4,1084,291,10,689,84,10,0
Master,4,685,544,13,85,8,6,29
PhD,5,1672,684,100,801,21,66,0
Graduation,3,43,1,12,9,0,14,7
PhD,5,49,35,0,4,0,0,10
Graduation,3,133,87,3,25,3,2,13
Graduation,3,363,309,3,24,4,3,20
Graduation,3,545,172,73,93,95,78,34
Graduation,3,1065,625,38,242,50,34,76
Graduation,3,2047,972,59,913,25,19,59
Graduation,3,296,157,6,39,6,13,75
Graduation,3,140,48,9,45,3,15,20
Graduation,3,530,279,83,88,32,14,34
PhD,5,152,132,0,16,0,0,4
PhD,5,1598,919,0,505,99,30,45
Graduation,3,114,62,0,22,3,1,26
Basic,1,101,1,45,3,4,6,42
Graduation,3,25,2,6,4,3,1,9
2n Cycle,2,789,408,61,109,48,122,41
Graduation,3,87,51,1,7,2,1,25
PhD,5,90,62,1,16,3,2,6
PhD,5,1215,952,12,180,47,12,12
PhD,5,811,618,15,106,20,7,45
Graduation,3,61,11,7,12,2,2,27
Master,4,405,318,3,17,4,7,56
Master,4,72,56,0,14,0,0,2
Graduation,3,189,110,5,59,7,1,7
PhD,5,40,23,0,11,2,1,3
Graduation,3,63,27,5,8,8,3,12
Graduation,3,52,18,3,19,3,3,6
PhD,5,39,18,0,9,0,1,11
Graduation,3,805,303,0,280,60,147,15
Master,4,130,97,1,19,2,0,11
Graduation,3,1631,997,15,414,99,30,76
Graduation,3,34,5,4,13,8,0,4
Graduation,3,152,95,11,35,0,4,7
Basic,1,21,1,6,2,3,6,3
PhD,5,71,46,1,12,3,0,9
Graduation,3,899,411,106,147,54,115,66
Master,4,711,244,51,270,101,0,45
PhD,5,351,152,9,121,12,12,45
Graduation,3,8,1,1,3,1,1,1
Basic,1,119,10,17,18,8,26,40
Graduation,3,21,12,0,5,0,0,4
PhD,5,10,5,0,4,0,0,1
Graduation,3,973,790,19,133,12,0,19
PhD,5,1536,882,29,514,38,29,44
Graduation,3,992,615,28,259,12,48,30
PhD,5,1529,1004,59,265,115,59,27
Graduation,3,860,133,27,421,13,195,71
Graduation,3,928,595,23,123,10,23,154
PhD,5,418,293,0,87,4,11,23
2n Cycle,2,587,313,15,47,20,0,192
Graduation,3,641,151,81,86,168,91,64
Graduation,3,23,15,0,2,0,0,6
Graduation,3,2279,736,63,946,219,189,126
PhD,5,49,15,0,8,4,2,20
PhD,5,1779,982,17,672,23,34,51
Master,4,1804,1142,51,415,90,69,37
Graduation,3,48,28,0,11,0,0,9
Graduation,3,83,46,0,12,0,2,23
Graduation,3,1862,897,161,430,186,161,27
PhD,5,793,489,6,152,8,6,132
Graduation,3,84,25,4,9,6,8,32
PhD,5,183,145,1,33,2,1,1
2n Cycle,2,1383,630,26,611,44,18,54
Graduation,3,999,760,38,104,50,9,38
Master,4,825,420,15,186,151,38,15
Graduation,3,246,125,17,52,3,19,30
Master,4,610,464,5,64,7,0,70
Master,4,76,6,6,29,12,15,8
Graduation,3,1286,1090,12,96,16,12,60
Master,4,30,3,2,11,2,2,10
Graduation,3,99,24,0,27,8,30,10
Graduation,3,1192,737,21,106,55,63,210
Graduation,3,362,254,6,71,4,0,27
Graduation,3,2130,817,185,687,145,55,241
2n Cycle,2,1229,620,54,239,99,98,119
PhD,5,38,13,4,20,0,0,1
Master,4,485,113,61,204,34,26,47
Basic,1,434,7,23,78,133,49,144
Graduation,3,44,16,2,18,2,1,5
PhD,5,496,462,0,24,6,0,4
2n Cycle,2,78,22,2,10,6,4,34
Master,4,2346,968,147,842,137,42,210
Graduation,3,794,283,112,151,51,72,125
Graduation,3,17,1,2,5,6,0,3
Graduation,3,26,14,1,7,2,1,1
2n Cycle,2,76,30,5,24,6,3,8
PhD,5,15,4,0,5,0,1,5
PhD,5,62,52,0,9,0,0,1
Master,4,198,62,1,57,19,11,48
PhD,5,49,20,2,14,3,0,10
Graduation,3,802,545,7,114,37,21,78
Graduation,3,1736,558,79,622,207,175,95
Graduation,3,57,6,5,4,13,4,25
Master,4,59,39,1,9,2,0,8
Graduation,3,2302,1111,24,790,160,45,172
2n Cycle,2,37,4,6,8,6,3,10
Graduation,3,310,183,5,65,3,5,49
Graduation,3,1305,546,72,376,94,145,72
Graduation,3,832,606,7,155,10,0,54
Graduation,3,401,266,6,51,8,6,64
PhD,5,1501,1142,29,249,38,29,14
Graduation,3,1189,1074,0,69,0,0,46
Graduation,3,1194,771,51,154,54,10,154
PhD,5,656,371,32,189,0,58,6
Master,4,1540,556,14,717,210,0,43
Master,4,311,202,5,74,11,5,14
2n Cycle,2,820,209,162,209,41,162,37
2n Cycle,2,274,35,40,111,36,40,12
PhD,5,57,37,0,17,0,0,3
Graduation,3,448,171,45,73,59,10,90
2n Cycle,2,44,12,2,20,3,2,5
Graduation,3,102,44,4,21,6,0,27
Graduation,3,61,20,2,9,4,6,20
Master,4,1643,779,86,537,34,69,138
Master,4,397,170,6,97,24,12,88
Graduation,3,1121,491,48,231,112,105,134
Graduation,3,473,173,8,107,7,2,176
Basic,1,50,7,10,13,16,0,4
Master,4,1678,1205,0,235,19,14,205
Graduation,3,58,10,7,25,6,3,7
PhD,5,170,97,4,44,6,1,18
Master,4,373,67,11,26,4,3,262
PhD,5,1196,345,53,528,98,75,97
Graduation,3,101,6,5,17,3,24,46
Graduation,3,316,73,57,100,71,15,0
Graduation,3,1400,711,36,217,172,96,168
Graduation,3,1424,774,70,118,182,187,93
Master,4,844,163,0,480,0,126,75
Graduation,3,311,82,33,54,71,30,41
Graduation,3,1149,358,108,413,141,97,32
Master,4,129,66,2,40,4,3,14
Graduation,3,32,13,6,7,0,3,3
Graduation,3,299,139,13,78,20,13,36
Graduation,3,320,274,0,21,4,6,15
Master,4,441,262,6,61,0,10,102
Master,4,1178,1099,0,45,0,0,34
Graduation,3,85,32,0,8,23,4,18
Basic,1,24,2,4,2,0,11,5
Graduation,3,112,6,10,21,19,14,42
2n Cycle,2,30,6,7,4,3,4,6
PhD,5,410,135,46,92,65,61,11
Graduation,3,800,641,7,84,0,30,38
PhD,5,1313,714,76,395,116,0,12
PhD,5,1483,794,73,573,0,29,14
Graduation,3,1258,420,0,452,182,64,140
Graduation,3,28,1,2,7,4,3,11
Graduation,3,227,86,12,75,33,15,6
Graduation,3,1555,823,25,459,124,29,95
Graduation,3,861,231,161,215,171,30,53
Graduation,3,103,8,15,27,0,20,33
PhD,5,634,182,17,259,77,70,29
Graduation,3,1918,557,129,984,193,37,18
Master,4,131,79,1,31,4,4,12
Graduation,3,586,368,24,68,38,0,88
Basic,1,62,6,4,14,8,8,22
Graduation,3,447,160,15,196,15,11,50
2n Cycle,2,939,488,21,238,56,108,28
2n Cycle,2,797,691,7,69,0,7,23
Master,4,1143,543,10,205,160,143,82
Graduation,3,415,254,7,108,20,0,26
Graduation,3,30,5,4,10,2,2,7
Master,4,187,112,19,21,16,14,5
Graduation,3,251,134,11,59,15,2,30
Graduation,3,237,143,6,52,11,8,17
2n Cycle,2,91,51,4,24,4,7,1
Master,4,35,27,0,5,0,0,3
PhD,5,493,459,0,24,6,0,4
PhD,5,971,689,8,167,11,8,88
Graduation,3,371,283,10,38,0,13,27
Graduation,3,396,347,0,35,4,3,7
Graduation,3,68,5,13,14,0,5,31
Master,4,322,280,0,18,0,0,24
Master,4,317,187,5,65,26,20,14
Master,4,222,95,14,64,2,9,38
2n Cycle,2,177,84,10,34,11,10,28
Graduation,3,45,19,4,12,2,2,6
2n Cycle,2,21,5,1,9,2,0,4
Graduation,3,45,18,3,17,3,0,4
Graduation,3,1899,992,24,694,51,19,119
PhD,5,42,25,1,13,0,0,3
2n Cycle,2,22,9,1,7,0,3,2
Graduation,3,41,19,1,17,2,0,2
Graduation,3,1440,709,93,374,104,80,80
Master,4,325,158,0,76,13,7,71
Graduation,3,95,10,14,29,4,2,36
PhD,5,42,25,1,13,0,0,3
2n Cycle,2,72,8,4,12,15,4,29
PhD,5,20,14,0,6,0,0,0
Master,4,789,622,7,115,30,0,15
Graduation,3,15,11,0,3,0,0,1
Graduation,3,59,25,3,16,8,5,2
Master,4,908,635,15,100,20,7,131
PhD,5,417,100,64,79,65,0,109
Graduation,3,289,201,2,43,3,5,35
Graduation,3,769,642,14,49,0,7,57
Graduation,3,188,97,1,41,6,2,41
Graduation,3,354,204,5,39,17,0,89
Master,4,727,513,7,133,46,14,14
PhD,5,146,88,3,21,4,1,29
Master,4,319,172,12,112,8,0,15
Master,4,794,329,35,222,130,35,43
Graduation,3,454,296,13,104,11,13,17
PhD,5,152,100,2,16,2,1,31
PhD,5,797,422,7,238,69,46,15
Graduation,3,1690,1218,16,272,104,0,80
Master,4,20,5,1,7,2,1,4
Graduation,3,1428,507,93,520,242,40,26
Graduation,3,209,52,12,50,4,36,55
Graduation,3,545,191,56,139,51,8,100
Basic,1,96,2,23,11,8,6,46
Graduation,3,222,68,28,39,16,30,41
Graduation,3,61,20,4,10,6,4,17
Graduation,3,44,20,3,16,0,4,1
PhD,5,8,7,0,1,0,0,0
2n Cycle,2,817,279,172,74,38,8,246
Graduation,3,1371,977,12,253,16,12,101
PhD,5,42,30,1,8,0,0,3
Graduation,3,60,6,1,7,23,4,19
Graduation,3,78,3,18,26,11,8,12
PhD,5,23,14,0,2,0,0,7
PhD,5,19,10,1,7,0,0,1
2n Cycle,2,61,7,10,17,8,6,13
Graduation,3,449,33,87,64,175,16,74
Master,4,37,12,0,13,2,0,10
2n Cycle,2,38,2,3,10,11,2,10
Graduation,3,1131,693,21,118,110,147,42
Graduation,3,34,9,3,15,2,3,2
Graduation,3,294,129,26,67,3,67,2
2n Cycle,2,48,16,2,11,3,0,16
Graduation,3,289,201,2,43,3,5,35
2n Cycle,2,30,5,4,5,4,2,10
Graduation,3,125,14,36,11,3,26,35
Graduation,3,156,29,12,59,19,1,36
Graduation,3,70,26,2,19,10,5,8
Master,4,22,9,1,4,3,2,3
Graduation,3,65,14,0,23,4,5,19
Master,4,1930,972,19,595,180,26,138
Graduation,3,2283,966,168,672,246,105,126
Graduation,3,310,99,27,102,28,48,6
2n Cycle,2,1319,482,35,553,72,160,17
Graduation,3,879,714,8,99,11,0,47
PhD,5,1244,587,54,348,71,54,130
2n Cycle,2,690,399,27,159,58,8,39
Graduation,3,209,56,10,92,19,7,25
Graduation,3,1134,227,151,573,98,54,31
Graduation,3,1507,703,102,601,0,58,43
PhD,5,57,37,0,17,0,0,3
PhD,5,529,167,13,180,86,13,70
Graduation,3,1091,458,81,356,106,50,40
Graduation,3,180,91,3,52,2,1,31
Graduation,3,77,15,8,16,11,5,22
Graduation,3,2349,1302,68,731,89,114,45
PhD,5,534,153,64,123,116,64,14
Master,4,556,508,5,21,7,5,10
Graduation,3,637,290,59,177,77,5,29
PhD,5,46,38,0,2,0,0,6
Graduation,3,44,2,13,6,7,5,11
Master,4,47,30,0,10,2,0,5
Master,4,795,386,23,95,54,41,196
Graduation,3,586,443,10,75,0,10,48
Graduation,3,1574,901,31,345,75,31,191
PhD,5,13,9,0,3,0,0,1
Graduation,3,1471,846,84,352,91,56,42
2n Cycle,2,65,8,3,9,19,4,22
Graduation,3,175,72,7,58,13,1,24
Graduation,3,40,29,0,5,0,1,5
PhD,5,1078,169,24,553,188,0,144
Graduation,3,1115,460,35,422,33,12,153
Graduation,3,134,69,8,26,12,7,12
Master,4,1540,556,14,717,210,0,43
PhD,5,87,73,0,13,0,1,0
Master,4,217,112,1,54,7,7,36
PhD,5,1034,944,0,60,0,0,30
Graduation,3,1180,265,199,303,234,9,170
Graduation,3,819,526,28,135,10,21,99
2n Cycle,2,32,2,3,12,3,5,7
Graduation,3,46,2,4,9,10,5,16
2n Cycle,2,1159,378,97,259,197,194,34
Master,4,860,553,25,142,65,67,8
Master,4,1631,751,127,687,20,15,31
PhD,5,444,406,0,30,0,0,8
Graduation,3,1910,1449,89,161,69,35,107
Master,4,380,123,17,171,39,0,30
PhD,5,736,267,42,309,55,42,21
PhD,5,269,209,0,40,3,2,15
Graduation,3,2524,1259,172,815,97,148,33
Graduation,3,612,344,35,178,15,23,17
Graduation,3,75,22,3,30,0,5,15
Graduation,3,1045,247,161,295,210,85,47
Graduation,3,55,38,0,12,3,1,1
PhD,5,1064,896,10,101,13,10,34
Graduation,3,1443,931,56,253,91,98,14
Graduation,3,1366,758,12,385,33,89,89
Master,4,436,216,9,57,20,9,125
2n Cycle,2,38,2,3,10,11,2,10
Graduation,3,436,244,15,108,4,15,50
Master,4,747,539,6,91,8,6,97
PhD,5,1396,1181,26,120,17,13,39
Master,4,928,750,8,125,11,8,26
Master,4,642,306,5,109,21,109,92
2n Cycle,2,1048,350,104,189,197,151,57
PhD,5,943,331,197,170,58,152,35
Graduation,3,907,620,16,165,0,24,82
Graduation,3,1198,434,137,400,45,137,45
Master,4,120,57,0,27,0,0,36
Graduation,3,1658,811,76,428,99,137,107
Graduation,3,1638,423,42,706,73,197,197
2n Cycle,2,73,2,12,10,6,13,30
Graduation,3,275,60,51,87,6,20,51
Graduation,3,854,675,0,85,10,7,77
Graduation,3,78,30,8,12,8,8,12
Master,4,106,40,1,40,4,3,18
Graduation,3,106,3,17,26,20,1,39
PhD,5,1923,910,111,724,49,74,55
Graduation,3,1662,252,98,827,219,70,196
Graduation,3,84,34,6,21,11,4,8
PhD,5,48,19,3,19,3,1,3
Graduation,3,5,2,1,1,0,0,1
Graduation,3,733,490,0,184,10,28,21
PhD,5,1234,332,194,377,149,125,57
Graduation,3,112,53,8,17,13,0,21
PhD,5,1658,784,48,560,42,176,48
Graduation,3,55,7,11,3,10,4,20
2n Cycle,2,1513,1171,43,219,19,14,47
2n Cycle,2,271,215,7,33,3,0,13
PhD,5,904,674,62,134,0,26,8
Master,4,120,57,0,27,0,0,36
2n Cycle,2,103,5,36,7,0,10,45
2n Cycle,2,269,104,20,101,24,15,5
Graduation,3,22,9,0,7,2,0,4
PhD,5,1156,431,82,441,80,20,102
PhD,5,1086,1000,0,76,0,0,10
Master,4,1128,448,40,469,80,0,91
Graduation,3,72,33,4,24,4,2,5
Master,4,964,505,72,270,36,27,54
Graduation,3,1383,267,38,701,149,165,63
PhD,5,18,14,0,3,0,0,1
Graduation,3,793,631,0,115,10,7,30
Master,4,100,65,4,16,0,4,11
2n Cycle,2,80,10,12,12,25,1,20
Graduation,3,167,51,4,50,12,1,49
Graduation,3,677,293,35,179,46,59,65
2n Cycle,2,23,11,1,2,2,1,6
Master,4,92,50,1,27,6,7,1
2n Cycle,2,641,173,26,255,35,71,81
Graduation,3,1106,423,184,368,13,97,21
Graduation,3,1033,292,30,415,63,33,200
Graduation,3,1174,757,80,217,29,80,11
Master,4,25,12,1,6,0,1,5
Master,4,240,167,2,44,6,2,19
Graduation,3,20,3,1,3,8,0,5
Graduation,3,102,30,5,22,8,9,28
PhD,5,1034,532,88,168,69,44,133
Graduation,3,156,29,12,59,19,1,36
Master,4,458,411,0,26,0,0,21
Graduation,3,17,5,3,4,4,1,0
Graduation,3,792,71,99,278,185,121,38
Graduation,3,92,46,0,40,3,0,3
Graduation,3,407,268,11,88,15,3,22
Master,4,1269,928,63,254,0,12,12
Graduation,3,841,459,15,171,142,23,31
PhD,5,633,483,0,108,0,6,36
PhD,5,1019,733,9,180,12,19,66
PhD,5,1315,1006,22,115,59,68,45
Graduation,3,54,34,1,14,0,0,5
Master,4,2525,1156,120,915,94,144,96
Master,4,52,7,4,23,7,0,11
Graduation,3,436,244,15,108,4,15,50
PhD,5,268,233,0,23,0,0,12
Graduation,3,147,35,3,67,10,8,24
PhD,5,1798,1252,0,465,46,35,0
Graduation,3,137,34,4,66,3,10,20
Master,4,507,255,43,134,37,14,24
Graduation,3,15,8,1,5,0,0,1
Master,4,1105,368,32,639,13,43,10
Graduation,3,974,255,47,573,52,32,15
Master,4,66,33,8,10,2,10,3
Graduation,3,778,163,23,424,27,65,76
PhD,5,49,15,0,8,4,2,20
Master,4,169,45,12,52,25,22,13
Graduation,3,299,48,58,68,16,66,43
Graduation,3,221,158,6,45,8,2,2
Graduation,3,1682,754,160,625,63,32,48
PhD,5,155,108,1,28,13,1,4
Graduation,3,892,199,66,315,97,174,41
Basic,1,58,2,7,5,2,15,27
Master,4,311,202,5,74,11,5,14
PhD,5,95,85,0,3,0,0,7
PhD,5,424,322,3,50,4,3,42
Master,4,47,18,2,19,0,2,6
Graduation,3,339,141,8,129,3,11,47
Graduation,3,1410,739,107,309,140,80,35
PhD,5,35,18,0,6,3,3,5
Master,4,562,378,0,88,19,4,73
Master,4,2352,1083,108,649,253,151,108
Master,4,1334,1016,12,215,16,12,63
Graduation,3,32,23,1,6,0,0,2
Graduation,3,41,12,1,21,2,2,3
PhD,5,39,35,0,4,0,0,0
Graduation,3,1141,548,31,422,0,112,28
2n Cycle,2,710,342,32,230,34,32,40
Master,4,401,365,3,15,4,3,11
PhD,5,506,397,19,69,12,0,9
Graduation,3,1538,456,19,832,75,118,38
2n Cycle,2,57,5,6,15,11,7,13
Graduation,3,1722,836,185,575,24,25,77
Graduation,3,270,100,2,128,23,7,10
Graduation,3,31,10,0,10,3,1,7
Graduation,3,882,238,115,215,169,69,76
Graduation,3,16,6,0,5,2,1,2
Graduation,3,311,158,11,99,15,11,17
Graduation,3,227,86,12,75,33,15,6
Master,4,1152,856,0,76,12,9,199
PhD,5,122,98,1,17,0,1,5
Graduation,3,77,4,16,20,0,17,20
2n Cycle,2,1289,398,96,447,220,96,32
Graduation,3,561,313,8,104,6,4,126
Graduation,3,211,109,18,16,24,26,18
PhD,5,233,216,2,6,0,0,9
PhD,5,1092,595,71,153,120,112,41
PhD,5,601,123,133,142,71,44,88
Graduation,3,54,16,0,23,3,2,10
2n Cycle,2,78,11,12,35,3,5,12
PhD,5,1095,410,112,420,0,82,71
PhD,5,244,159,2,51,6,2,24
PhD,5,116,105,0,10,0,1,0
Graduation,3,15,5,1,8,0,0,1
PhD,5,425,269,15,69,15,19,38
PhD,5,734,629,0,70,0,0,35
Graduation,3,638,443,5,71,21,16,82
Graduation,3,894,217,77,373,111,23,93
Graduation,3,41,24,1,10,2,0,4
Master,4,31,9,1,5,4,5,7
Master,4,34,8,0,14,2,3,7
PhD,5,1750,1459,0,61,0,15,215
Graduation,3,612,230,48,214,13,32,75
Basic,1,29,1,3,6,10,0,9
2n Cycle,2,823,340,21,134,258,14,56
Master,4,20,7,1,6,0,3,3
Master,4,396,298,7,68,4,0,19
Graduation,3,813,479,35,179,28,7,85
Graduation,3,1179,267,140,599,34,12,127
PhD,5,138,67,4,32,17,2,16
Graduation,3,55,3,1,8,23,2,18
Graduation,3,1511,980,37,265,35,163,31
Graduation,3,117,50,4,28,6,3,26
Graduation,3,1730,1,0,1725,2,1,1
PhD,5,32,19,0,5,0,0,8
Master,4,67,30,5,23,4,1,4
Master,4,335,213,9,76,4,3,30
PhD,5,825,539,30,92,80,46,38
2n Cycle,2,694,284,16,160,84,16,134
Graduation,3,1792,1003,34,536,134,51,34
PhD,5,496,239,13,143,45,4,52
Graduation,3,231,51,23,82,33,0,42
Graduation,3,902,527,24,230,32,24,65
Graduation,3,68,19,5,12,10,3,19
PhD,5,71,40,2,15,8,0,6
2n Cycle,2,76,21,8,20,15,3,9
PhD,5,772,593,30,91,29,22,7
PhD,5,47,21,5,3,10,1,7
PhD,5,1586,1181,107,199,39,30,30
PhD,5,1529,1004,59,265,115,59,27
PhD,5,265,202,2,46,3,2,10
Graduation,3,1603,446,107,768,33,196,53
Master,4,2091,1184,102,673,52,40,40
2n Cycle,2,981,390,22,323,104,35,107
Graduation,3,1533,726,53,363,123,107,161
2n Cycle,2,82,8,8,22,24,11,9
Graduation,3,244,50,15,110,39,15,15
Basic,1,36,1,1,4,11,9,10
PhD,5,404,308,0,73,0,0,23
Graduation,3,71,22,2,31,7,4,5
Graduation,3,1572,690,117,499,76,102,88
Graduation,3,122,43,5,28,7,6,33
PhD,5,41,27,0,10,0,0,4
PhD,5,10,6,0,3,0,0,1
Graduation,3,304,205,7,41,3,2,46
Graduation,3,37,24,0,8,0,1,4
Master,4,1754,667,50,850,21,83,83
Graduation,3,815,691,7,61,10,0,46
Graduation,3,1001,493,26,206,116,80,80
Graduation,3,1157,493,70,324,146,40,84
Graduation,3,688,494,5,82,7,0,100
Master,4,1319,621,73,414,78,48,85
PhD,5,21,9,0,5,0,0,7
2n Cycle,2,31,1,6,2,8,2,12
Graduation,3,67,12,4,19,12,6,14
Graduation,3,708,243,131,217,85,6,26
2n Cycle,2,25,11,1,4,2,0,7
PhD,5,746,532,21,127,26,20,20
PhD,5,32,29,0,2,0,0,1
Master,4,1695,612,91,520,258,107,107
Graduation,3,1080,387,126,342,0,45,180
Master,4,72,56,0,14,0,0,2
Graduation,3,57,6,8,19,16,4,4
PhD,5,660,582,0,65,0,0,13
Basic,1,103,6,17,16,6,16,42
PhD,5,153,70,6,69,2,3,3
Master,4,1220,962,12,194,16,24,12
Graduation,3,279,112,10,107,30,0,20
Graduation,3,745,293,0,124,179,97,52
PhD,5,264,199,12,31,3,12,7
Graduation,3,2157,1060,61,835,80,20,101
Master,4,1526,940,44,396,0,88,58
Graduation,3,69,44,2,11,2,3,7
Graduation,3,1597,342,51,936,207,35,26
Basic,1,64,2,10,11,12,9,20
Graduation,3,497,75,12,141,43,39,187
Graduation,3,1067,520,20,367,39,81,40
Graduation,3,31,5,3,9,6,2,6
Graduation,3,211,87,5,71,7,12,29
PhD,5,877,462,61,184,10,53,107
Graduation,3,11,2,2,1,3,1,2
PhD,5,2034,979,44,935,29,25,22
Graduation,3,1991,704,129,853,120,74,111
PhD,5,1686,861,31,558,62,95,79
PhD,5,324,172,3,115,16,0,18
Master,4,69,5,7,31,15,4,7
Graduation,3,252,194,2,56,0,0,0
Basic,1,54,9,7,13,3,2,20
Master,4,964,505,72,270,36,27,54
Graduation,3,1327,533,10,217,198,174,195
PhD,5,68,48,0,14,0,0,6
Graduation,3,60,6,1,7,23,4,19
Graduation,3,55,18,2,10,0,0,25
Graduation,3,1456,482,147,509,104,107,107
2n Cycle,2,563,204,97,97,21,118,26
Graduation,3,1504,1073,0,250,153,14,14
Graduation,3,564,245,16,223,21,43,16
Graduation,3,1125,560,21,442,29,44,29
Graduation,3,358,173,13,131,32,3,6
PhD,5,42,22,1,11,0,5,3
Graduation,3,184,136,1,12,0,3,32
Graduation,3,460,275,0,86,10,23,66
PhD,5,145,56,19,29,2,14,25
Graduation,3,1376,303,23,751,82,26,191
PhD,5,792,708,7,62,0,0,15
Graduation,3,1382,324,132,693,27,118,88
Basic,1,28,1,5,3,7,4,8
Master,4,1033,620,26,195,34,17,141
Graduation,3,882,312,21,206,102,92,149
PhD,5,2231,1493,86,454,112,43,43
PhD,5,1101,918,21,118,13,10,21
Graduation,3,369,98,0,106,49,10,106
2n Cycle,2,48,3,4,7,15,8,11
PhD,5,467,380,0,47,6,0,34
Graduation,3,44,15,0,12,7,3,7
Basic,1,38,3,9,4,7,8,7
Graduation,3,81,24,2,23,0,8,24
Master,4,167,80,1,60,4,6,16
PhD,5,45,31,0,6,2,1,5
Graduation,3,664,138,120,204,16,126,60
2n Cycle,2,622,166,75,96,119,107,59
2n Cycle,2,48,12,3,8,8,0,17
Graduation,3,461,178,3,85,71,66,58
Graduation,3,1073,707,20,171,65,60,50
2n Cycle,2,55,5,1,7,17,14,11
Graduation,3,976,465,71,250,93,35,62
PhD,5,20,16,1,2,0,0,1
Graduation,3,1149,358,108,413,141,97,32
Basic,1,43,1,9,7,2,14,10
Master,4,224,123,1,26,2,0,72
PhD,5,101,40,3,30,10,7,11
PhD,5,209,102,9,63,2,9,24
Graduation,3,968,347,44,534,17,0,26
PhD,5,1165,376,53,462,168,53,53
Graduation,3,24,21,0,3,0,0,0
Graduation,3,252,194,2,56,0,0,0
Graduation,3,165,64,4,68,7,5,17
PhD,5,269,206,0,46,3,2,12
PhD,5,102,71,0,18,0,0,13
2n Cycle,2,461,71,22,112,138,89,29
Basic,1,47,0,4,7,11,10,15
PhD,5,144,93,1,21,0,4,25
Graduation,3,1338,920,138,168,36,46,30
Graduation,3,917,653,17,170,34,26,17
Graduation,3,318,199,33,60,8,3,15
Graduation,3,253,153,4,56,0,9,31
Graduation,3,502,376,0,38,11,8,69
Graduation,3,119,46,0,30,12,1,30
2n Cycle,2,1250,600,21,128,223,150,128
Graduation,3,969,425,115,292,23,35,79
Graduation,3,76,18,6,15,12,8,17
PhD,5,62,52,0,9,0,0,1
2n Cycle,2,1382,734,22,350,151,25,100
Graduation,3,84,34,6,21,11,4,8
Graduation,3,255,135,1,41,10,1,67
Master,4,43,11,0,10,0,2,20
Graduation,3,398,163,48,90,0,45,52
Master,4,76,29,3,30,3,2,9
Graduation,3,902,734,26,70,11,44,17
2n Cycle,2,823,340,21,134,258,14,56
Graduation,3,1179,453,38,279,188,38,183
Graduation,3,1921,1073,0,629,145,37,37
Master,4,185,135,0,10,0,4,36
Graduation,3,433,231,7,137,4,15,39
Graduation,3,34,18,0,5,0,0,11
Graduation,3,907,620,16,165,0,24,82
PhD,5,416,81,4,33,5,2,291
Graduation,3,44,12,4,2,10,6,10
Graduation,3,1588,292,51,981,224,23,17
PhD,5,1797,965,34,586,89,86,37
Graduation,3,40,27,2,10,0,0,1
PhD,5,1143,777,30,163,0,51,122
Master,4,914,572,8,232,23,62,17
Graduation,3,1502,438,169,565,91,169,70
Graduation,3,1338,531,69,300,150,138,150
PhD,5,27,17,0,9,0,0,1
2n Cycle,2,763,402,35,106,101,77,42
Graduation,3,1331,503,27,419,90,139,153
Graduation,3,525,369,9,87,12,14,34
PhD,5,9,5,0,3,0,0,1
Graduation,3,953,362,17,398,80,35,61
Master,4,68,56,0,9,0,0,3
Master,4,131,79,1,31,4,4,12
Graduation,3,882,387,84,141,73,35,162
2n Cycle,2,1149,367,17,241,104,188,232
Graduation,3,37,15,0,11,0,2,9
PhD,5,388,267,6,54,8,3,50
Graduation,3,1428,298,27,697,216,24,166
Master,4,1633,674,92,736,39,0,92
Master,4,173,16,14,36,37,22,48
Graduation,3,99,37,4,24,16,9,9
Graduation,3,215,159,0,22,2,1,31
PhD,5,929,686,17,142,23,26,35
Graduation,3,219,97,3,66,12,7,34
Graduation,3,174,63,6,57,13,13,22
Graduation,3,92,56,5,24,4,0,3
PhD,5,1052,209,19,456,160,142,66
Graduation,3,275,198,2,43,0,12,20
2n Cycle,2,587,313,15,47,20,0,192
PhD,5,1662,941,14,397,76,58,176
PhD,5,159,86,4,56,2,4,7
Master,4,1024,167,48,602,63,72,72
Master,4,35,8,3,19,0,2,3
Master,4,1042,389,66,408,37,57,85
Master,4,395,239,7,119,4,15,11
PhD,5,557,179,21,273,0,21,63
PhD,5,9,5,0,1,1,1,1
Graduation,3,69,2,6,28,13,4,16
PhD,5,486,383,0,53,6,4,40
Graduation,3,34,2,8,8,6,1,9
2n Cycle,2,1365,536,27,590,38,107,67
Graduation,3,13,2,1,4,3,1,2
PhD,5,1401,322,53,899,34,40,53
Graduation,3,1574,539,169,816,20,0,30
PhD,5,1323,712,50,420,65,38,38
Master,4,1217,1121,0,72,0,12,12
Master,4,103,68,1,13,3,5,13
Master,4,84,36,4,18,6,2,18
PhD,5,1536,707,44,603,95,58,29
Graduation,3,581,174,77,203,6,24,97
PhD,5,928,666,35,124,69,8,26
2n Cycle,2,14,0,0,0,6,2,6
Graduation,3,424,162,50,100,55,30,27
Graduation,3,960,407,70,239,103,88,53
Graduation,3,1555,823,25,459,124,29,95
Graduation,3,656,488,23,71,15,0,59
Master,4,55,28,0,13,4,2,8
Graduation,3,20,3,2,10,3,0,2
Master,4,367,284,0,52,8,3,20
2n Cycle,2,2257,938,142,754,159,81,183
PhD,5,42,13,2,15,2,2,8
Graduation,3,1049,412,172,153,150,105,57
Graduation,3,48,31,1,8,0,0,8
PhD,5,685,502,19,132,0,6,26
Graduation,3,39,18,10,3,3,5,0
2n Cycle,2,43,1,8,6,4,8,16
Master,4,835,100,71,243,108,94,219
Graduation,3,1515,407,114,445,181,165,203
PhD,5,1039,664,9,240,50,19,57
Graduation,3,1596,1045,61,338,60,46,46
PhD,5,1828,1218,107,304,23,143,33
PhD,5,34,15,0,6,0,1,12
PhD,5,149,128,0,16,0,1,4
Master,4,946,581,49,157,43,8,108
PhD,5,28,6,3,12,6,1,0
Graduation,3,450,185,8,133,56,56,12
PhD,5,46,22,1,9,0,0,14
PhD,5,1702,584,100,835,65,83,35
Graduation,3,820,355,30,177,90,138,30
Graduation,3,382,175,10,110,54,6,27
PhD,5,2126,864,134,768,150,38,172
Master,4,2069,957,153,612,99,95,153
Graduation,3,72,25,6,16,20,0,5
Graduation,3,732,641,7,56,0,0,28
Graduation,3,801,273,86,208,177,14,43
Graduation,3,236,122,21,43,25,10,15
Basic,1,80,1,4,10,29,0,36
PhD,5,1685,1020,31,430,62,63,79
PhD,5,277,6,2,3,1,262,3
PhD,5,507,378,14,68,19,14,14
PhD,5,68,42,1,18,3,0,4
Graduation,3,49,15,5,14,0,4,11
Master,4,397,272,7,80,20,7,11
Graduation,3,39,9,1,24,2,1,2
Graduation,3,306,279,0,18,0,0,9
Graduation,3,976,398,61,265,138,61,53
PhD,5,1028,637,47,237,12,19,76
Graduation,3,70,45,0,16,2,1,6
Graduation,3,46,21,1,9,7,3,5
Master,4,51,15,4,13,0,0,19
2n Cycle,2,1263,493,183,352,184,23,28
Graduation,3,1490,957,40,175,158,53,107
Master,4,1564,829,138,430,60,92,15
Graduation,3,1815,1017,50,500,65,50,133
PhD,5,1198,953,0,71,0,0,174
Graduation,3,416,159,0,120,0,0,137
Graduation,3,85,32,0,8,23,4,18
PhD,5,47,23,0,15,0,2,7
Graduation,3,137,18,42,24,15,20,18
PhD,5,21,15,0,4,0,0,2
2n Cycle,2,70,23,4,5,10,5,23
2n Cycle,2,909,200,193,100,46,185,185
Graduation,3,1676,1324,27,119,71,108,27
Master,4,1735,1193,33,281,129,66,33
Graduation,3,1191,505,137,401,104,22,22
Master,4,24,2,4,9,0,4,5
PhD,5,1182,1103,0,45,0,0,34
Graduation,3,1280,353,61,753,40,46,27
Graduation,3,1336,652,48,350,94,84,108
Master,4,749,379,6,157,25,91,91
PhD,5,91,46,4,36,2,2,1
PhD,5,414,162,31,127,8,17,69
Master,4,44,8,3,19,3,3,8
Master,4,63,17,3,18,3,4,18
Graduation,3,901,340,108,185,130,38,100
2n Cycle,2,38,8,4,15,3,5,3
PhD,5,455,154,22,202,39,30,8
PhD,5,775,710,15,30,20,0,0
Master,4,15,8,2,4,0,0,1
Graduation,3,38,2,2,4,13,13,4
PhD,5,1512,1050,14,322,0,14,112
Graduation,3,43,19,1,14,3,2,4
Graduation,3,42,22,0,6,6,2,6
Graduation,3,1089,274,83,216,151,141,224
Master,4,162,68,6,38,3,6,41
Graduation,3,1272,344,45,654,104,11,114
Graduation,3,1173,145,193,459,205,26,145
Master,4,816,217,38,350,111,85,15
Graduation,3,74,18,7,34,10,2,3
Graduation,3,134,69,8,26,12,7,12
PhD,5,157,144,0,7,0,0,6
Graduation,3,561,256,34,103,90,29,49
Graduation,3,1336,483,72,567,94,12,108
PhD,5,2092,1285,105,653,28,21,0
PhD,5,463,338,4,89,11,8,13
PhD,5,1130,605,10,345,84,54,32
Graduation,3,20,8,0,7,3,1,1
Graduation,3,377,172,41,86,45,6,27
Graduation,3,1544,448,71,951,40,17,17
PhD,5,138,67,4,32,17,2,16
Master,4,1012,512,53,98,81,179,89
PhD,5,1766,1462,16,128,0,0,160
Graduation,3,45,20,0,14,7,3,1
Graduation,3,161,50,4,44,10,10,43
Graduation,3,144,102,1,15,2,0,24
Graduation,3,1734,499,149,815,173,49,49
Graduation,3,823,381,35,172,56,86,93
Graduation,3,1138,631,43,239,128,76,21
Graduation,3,1429,526,80,553,123,94,53
Master,4,1371,913,26,376,17,26,13
Graduation,3,982,673,0,199,37,47,26
Graduation,3,44,23,0,9,0,0,12
Graduation,3,318,199,33,60,8,3,15
Graduation,3,434,261,23,73,4,23,50
2n Cycle,2,198,111,16,37,7,9,18
Graduation,3,359,16,4,12,2,4,321
2n Cycle,2,576,63,151,137,153,19,53
PhD,5,88,58,0,18,2,0,10
Graduation,3,63,29,1,17,0,3,13
Master,4,27,3,2,12,0,1,9
Graduation,3,193,28,34,62,11,14,44
PhD,5,101,40,3,30,10,7,11
Graduation,3,2211,879,143,797,106,143,143
Master,4,140,62,1,44,6,5,22
Graduation,3,415,280,7,81,20,0,27
Graduation,3,22,9,0,6,3,1,3
Graduation,3,263,182,4,33,0,2,42
Graduation,3,393,83,2,101,64,26,117
Graduation,3,147,38,15,54,3,8,29
Graduation,3,443,228,19,130,4,11,51
PhD,5,1958,1092,37,592,145,37,55
Master,4,174,85,15,27,13,13,21
Master,4,2217,1276,24,746,94,29,48
Graduation,3,1691,1017,33,417,108,100,16
Graduation,3,25,6,2,9,2,1,5
2n Cycle,2,809,448,21,125,52,101,62
Graduation,3,895,504,23,117,179,28,44
PhD,5,484,226,22,133,41,31,31
PhD,5,413,239,3,141,0,7,23
2n Cycle,2,331,90,38,67,33,36,67
Graduation,3,25,7,2,8,3,2,3
PhD,5,13,4,2,5,2,0,0
Graduation,3,115,16,17,19,20,21,22
Graduation,3,16,10,3,3,0,0,0
Master,4,92,68,0,16,0,0,8
Graduation,3,52,35,0,13,2,0,2
Graduation,3,1464,575,80,428,208,93,80
Graduation,3,441,315,0,31,4,0,91
PhD,5,283,182,2,49,17,13,20
PhD,5,747,561,14,113,10,14,35
Graduation,3,1870,587,51,932,180,34,86
Graduation,3,165,94,1,33,13,12,12
Graduation,3,1941,908,43,735,40,194,21
Basic,1,839,228,122,122,208,129,30
Graduation,3,1655,995,112,417,42,48,41
2n Cycle,2,23,11,1,2,2,1,6
Graduation,3,66,3,3,14,15,21,10
Graduation,3,37,12,1,16,4,1,3
Graduation,3,21,17,0,2,0,0,2
Graduation,3,22,8,0,5,0,3,6
Graduation,3,78,22,4,17,12,10,13
Master,4,79,14,10,29,4,7,15
Graduation,3,265,106,27,68,52,7,5
Master,4,1175,820,57,242,45,0,11
PhD,5,1305,753,43,226,69,10,204
Master,4,46,13,3,17,7,3,3
Graduation,3,25,9,1,3,0,4,8
Graduation,3,46,19,3,6,4,2,12
Master,4,874,520,8,223,32,49,42
2n Cycle,2,100,5,17,17,13,14,34
PhD,5,930,618,44,215,0,17,36
Graduation,3,868,315,35,322,46,7,143
Graduation,3,45,15,1,23,0,5,1
Graduation,3,1260,384,60,364,119,101,232
Graduation,3,414,110,29,92,28,10,145
Graduation,3,392,208,17,76,36,17,38
Graduation,3,1109,555,82,257,93,61,61
Graduation,3,639,240,90,216,63,6,24
Graduation,3,79,11,0,36,15,5,12
Graduation,3,1665,848,154,323,201,61,78
Graduation,3,692,202,47,197,55,42,149
Graduation,3,1392,433,89,650,16,102,102
Graduation,3,44,6,6,15,10,5,2
Master,4,50,37,0,7,3,0,3
Graduation,3,467,167,37,64,49,34,116
Graduation,3,223,45,7,99,4,25,43
Graduation,3,158,129,0,21,0,1,7
Graduation,3,1211,713,0,264,120,80,34
Graduation,3,1575,676,161,426,210,44,58
2n Cycle,2,1208,450,26,535,73,98,26
Graduation,3,43,22,2,12,0,2,5
Graduation,3,527,367,4,51,6,4,95
Graduation,3,932,526,35,214,69,53,35
Master,4,71,51,0,16,0,0,4
Graduation,3,54,25,0,11,3,0,15
Graduation,3,129,28,6,27,12,17,39
Graduation,3,1615,958,159,447,20,0,31
PhD,5,1034,532,88,168,69,44,133
Graduation,3,1088,724,17,143,0,8,196
Master,4,721,375,42,48,94,66,96
Graduation,3,137,39,0,56,20,8,14
PhD,5,47,23,0,15,0,2,7
PhD,5,1244,587,54,348,71,54,130
Graduation,3,41,29,1,11,0,0,0
Graduation,3,1174,757,80,217,29,80,11
Graduation,3,993,544,35,133,23,151,107
Graduation,3,100,40,15,15,17,6,7
PhD,5,1680,1245,33,332,21,33,16
Graduation,3,98,19,1,20,16,14,28
Graduation,3,48,16,3,15,2,1,11
Graduation,3,519,376,4,94,12,9,24
Graduation,3,715,184,178,178,103,39,33
Graduation,3,37,15,0,11,0,2,9
PhD,5,653,124,83,267,85,59,35
Graduation,3,1455,627,120,414,121,80,93
Graduation,3,602,180,60,241,13,54,54
Master,4,26,14,0,4,0,0,8
Basic,1,102,3,3,24,34,7,31
Graduation,3,97,71,1,16,0,0,9
Master,4,207,161,0,22,0,0,24
Graduation,3,176,8,26,46,38,9,49
Graduation,3,450,264,0,21,12,6,147
Graduation,3,433,293,6,23,13,6,92
Graduation,3,1366,758,12,385,33,89,89
Master,4,1564,532,126,490,164,126,126
Graduation,3,1001,656,38,161,62,47,37
2n Cycle,2,961,196,25,607,67,17,49
Graduation,3,1518,835,73,380,114,73,43
Graduation,3,56,16,11,15,2,0,12
Master,4,22,9,1,5,2,1,4
Master,4,400,229,7,140,10,3,11
Basic,1,26,0,1,4,15,1,5
Graduation,3,350,121,24,124,24,15,42
Graduation,3,1216,471,102,125,212,61,245
Master,4,874,520,8,223,32,49,42
PhD,5,40,26,1,10,2,0,1
Graduation,3,1367,240,132,445,250,192,108
Graduation,3,264,178,4,26,8,4,44
Master,4,2053,1486,55,278,49,0,185
Graduation,3,1376,1115,12,128,33,12,76
Master,4,45,29,0,8,2,0,6
PhD,5,976,529,0,356,63,28,0
2n Cycle,2,51,13,3,8,7,4,16
PhD,5,1264,934,24,230,16,24,36
Basic,1,75,2,7,11,16,12,27
Basic,1,57,4,12,5,3,16,17
Master,4,140,62,1,44,6,5,22
Graduation,3,497,158,35,179,0,0,125
Master,4,266,173,2,39,3,2,47
Graduation,3,2006,830,59,968,51,79,19
Graduation,3,615,189,10,253,56,43,64
PhD,5,1021,728,17,133,11,8,124
Graduation,3,22,7,2,9,2,0,2
Master,4,133,35,4,17,7,6,64
Master,4,437,188,3,180,20,3,43
Master,4,1013,742,28,152,25,9,57
2n Cycle,2,57,0,7,5,26,2,17
PhD,5,1038,750,71,174,13,10,20
Master,4,1573,816,42,450,55,56,154
Graduation,3,28,5,2,8,2,2,9
Master,4,123,37,5,56,12,8,5
2n Cycle,2,13,4,0,4,0,0,5
Graduation,3,132,99,2,11,4,0,16
2n Cycle,2,732,176,72,98,136,21,229
Graduation,3,66,54,0,10,0,0,2
Graduation,3,1631,997,15,414,99,30,76
Graduation,3,608,356,0,107,19,9,117
PhD,5,1822,1311,0,359,46,89,17
PhD,5,1282,890,63,292,0,25,12
Graduation,3,8,4,0,2,0,0,2
Graduation,3,43,17,0,14,7,3,2
Master,4,1931,960,0,883,50,38,0
PhD,5,8,2,1,2,1,1,1
Basic,1,103,1,3,2,20,30,47
Master,4,1169,240,67,500,199,0,163
Graduation,3,395,301,11,61,4,7,11
Graduation,3,258,154,0,50,6,11,37
Graduation,3,25,2,3,6,4,1,9
Master,4,185,104,12,48,4,12,5
Master,4,180,70,3,37,4,2,64
Graduation,3,22,2,0,9,3,6,2
Graduation,3,44,23,2,11,3,1,4
Graduation,3,94,43,4,12,8,0,27
Graduation,3,81,4,24,11,16,1,25
Graduation,3,798,654,7,92,0,15,30
Graduation,3,1334,912,72,170,47,36,97
PhD,5,38,25,0,8,0,1,4
Master,4,61,24,4,22,0,2,9
PhD,5,300,141,11,114,15,14,5
PhD,5,88,71,0,13,3,1,0
Master,4,54,35,1,16,0,1,1
Graduation,3,1782,496,32,849,229,48,128
Graduation,3,68,9,9,11,13,10,16
Graduation,3,258,154,0,50,6,11,37
Master,4,31,9,1,5,4,5,7
2n Cycle,2,66,26,3,23,4,7,3
2n Cycle,2,174,77,8,44,10,10,25
Master,4,28,11,2,7,4,2,2
PhD,5,731,576,7,115,19,7,7
Graduation,3,274,89,15,89,34,42,5
PhD,5,1701,1013,30,399,60,46,153
Graduation,3,312,224,12,48,4,12,12
Graduation,3,414,200,19,111,50,15,19
2n Cycle,2,1565,570,73,614,133,102,73
Basic,1,29,1,3,3,8,1,13
PhD,5,94,62,1,20,4,0,7
Graduation,3,1338,531,69,300,150,138,150
Master,4,1092,162,28,818,0,28,56
Graduation,3,1479,675,144,133,94,192,241
Graduation,3,54,23,4,10,0,2,15
Graduation,3,568,492,5,32,13,5,21
2n Cycle,2,1199,918,10,129,13,0,129
Graduation,3,873,224,155,155,192,93,54
Graduation,3,1213,572,19,286,50,38,248
Graduation,3,731,626,0,70,0,7,28
PhD,5,2043,1074,37,518,193,92,129
Master,4,1893,741,68,689,224,68,103
PhD,5,424,322,3,50,4,3,42
Graduation,3,575,254,10,44,30,10,227
Graduation,3,257,116,6,82,6,6,41
Graduation,3,56,22,2,18,0,2,12
PhD,5,542,516,0,21,0,0,5
Graduation,3,125,14,36,11,3,26,35
Basic,1,69,2,8,10,12,14,23
2n Cycle,2,40,28,0,9,3,0,0
Graduation,3,1016,530,142,217,62,9,56
Master,4,907,519,50,167,130,0,41
PhD,5,1566,611,76,749,59,45,26
Master,4,1169,240,67,500,199,0,163
Basic,1,46,4,9,12,11,2,8
Master,4,1644,671,47,655,145,111,15
Graduation,3,59,23,1,7,0,4,24
Graduation,3,17,9,1,2,3,2,0
2n Cycle,2,1853,556,54,845,202,133,63
Graduation,3,1528,833,80,363,52,26,174
Master,4,35,12,0,13,4,2,4
Graduation,3,141,56,7,48,10,2,18
Graduation,3,546,293,8,124,11,4,106
Graduation,3,500,297,0,38,13,0,152
Graduation,3,61,39,1,16,2,0,3
Basic,1,106,5,11,16,21,8,45
Graduation,3,704,266,21,300,65,8,44
PhD,5,424,322,3,50,4,3,42
Graduation,3,849,366,124,156,71,78,54
Graduation,3,85,32,0,8,23,4,18
Graduation,3,199,158,0,23,0,0,18
Graduation,3,1147,269,129,495,182,43,29
Graduation,3,54,41,0,10,0,0,3
Basic,1,43,3,3,3,15,4,15
Graduation,3,53,33,0,5,0,0,15
2n Cycle,2,521,302,29,131,32,0,27
Graduation,3,1623,519,71,860,93,27,53
Master,4,45,23,2,17,2,1,0
2n Cycle,2,1435,594,51,631,72,55,32
Graduation,3,32,12,4,7,1,3,5
Graduation,3,16,4,2,5,0,0,5
Graduation,3,52,18,3,19,3,3,6
PhD,5,1234,332,194,377,149,125,57
Graduation,3,15,5,1,8,0,0,1
Master,4,415,171,3,129,26,24,62
Graduation,3,470,270,31,88,11,48,22
Master,4,1438,712,26,538,69,13,80
2n Cycle,2,53,2,8,11,3,8,21
Master,4,51,21,12,12,0,3,3
PhD,5,679,580,6,58,8,0,27
Graduation,3,586,368,24,68,38,0,88
Graduation,3,653,457,5,106,15,17,53
Graduation,3,468,229,7,137,4,0,91
2n Cycle,2,1679,32,2,1607,12,4,22
Graduation,3,50,3,2,8,20,0,17
Graduation,3,84,24,3,26,7,1,23
Master,4,1049,853,10,143,13,10,20
Graduation,3,22,5,1,6,3,4,3
Graduation,3,62,9,14,18,8,1,12
Graduation,3,30,3,3,7,6,2,9
Graduation,3,1341,709,43,182,42,118,247
PhD,5,444,406,0,30,0,0,8
Graduation,3,1241,908,48,217,32,12,24
Master,4,843,428,30,214,80,30,61
PhD,5,172,84,3,61,2,1,21
